VALUES,CLASS
1.64E-13,0
1.64E-13,0
1.64E-13,0
1.64E-13,0
1.64E-13,0
1.64E-13,0
1.64E-13,0
1.64E-13,0
1.64E-13,0
1.64E-13,0
1.64E-13,0
1.64E-13,0
1.64E-13,0
1.64E-13,0
1.64E-13,0
1.64E-13,0
1.64E-13,0
1.64E-13,0
1.64E-13,0
1.64E-13,0
1.64E-13,0
1.64E-13,0
1.64E-13,0
1.64E-13,0
1.64E-13,0
1.64E-13,0
1.64E-13,0
1.64E-13,0
1.64E-13,0
1.64E-13,0
1.64E-13,0
1.64E-13,0
1.64E-13,0
1.64E-13,0
1.64E-13,0
1.64E-13,0
1.64E-13,0
1.64E-13,0
1.64E-13,0
1.64E-13,0
1.64E-13,0
1.64E-13,0
1.64E-13,0
1.64E-13,0
1.64E-13,0
1.64E-13,0
1.64E-13,0
1.64E-13,0
1.64E-13,0
1.64E-13,0
1.64E-13,0
1.64E-13,0
1.64E-13,0
1.64E-13,0
1.64E-13,0
1.64E-13,0
1.64E-13,0
1.64E-13,0
1.64E-13,0
1.64E-13,0
1.64E-13,0
1.64E-13,0
1.64E-13,0
1.64E-13,0
1.64E-13,0
1.64E-13,0
1.64E-13,0
1.64E-13,0
1.64E-13,0
1.64E-13,0
1.64E-13,0
1.64E-13,0
1.64E-13,0
1.64E-13,0
1.64E-13,0
1.64E-13,0
1.64E-13,0
1.64E-13,0
1.64E-13,0
1.64E-13,0
1.64E-13,0
1.64E-13,0
1.64E-13,0
1.64E-13,0
1.64E-13,0
1.64E-13,0
1.64E-13,0
1.64E-13,0
1.64E-13,0
1.64E-13,0
1.64E-13,0
1.64E-13,0
1.64E-13,0
1.64E-13,0
1.64E-13,0
1.64E-13,0
1.64E-13,0
1.64E-13,0
1.64E-13,0
1.64E-13,0
1.64E-13,0
1.64E-13,0
1.64E-13,0
1.64E-13,0
1.64E-13,0
1.64E-13,0
1.64E-13,0
1.64E-13,0
1.64E-13,0
1.64E-13,0
1.64E-13,0
1.64E-13,0
1.64E-13,0
1.64E-13,0
1.64E-13,0
1.64E-13,0
1.64E-13,0
1.64E-13,0
1.64E-13,0
1.64E-13,0
1.64E-13,0
1.64E-13,0
1.64E-13,0
1.64E-13,0
1.64E-13,0
1.64E-13,0
1.64E-13,0
1.64E-13,0
1.64E-13,0
1.64E-13,0
1.64E-13,0
1.64E-13,0
1.64E-13,0
1.64E-13,0
1.64E-13,0
1.64E-13,0
1.64E-13,0
1.64E-13,0
1.64E-13,0
1.64E-13,0
1.64E-13,0
1.64E-13,0
1.64E-13,0
1.64E-13,0
1.64E-13,0
1.64E-13,0
1.64E-13,0
1.64E-13,0
1.64E-13,0
1.64E-13,0
1.64E-13,0
1.64E-13,0
1.64E-13,0
1.64E-13,0
1.64E-13,0
1.64E-13,0
1.64E-13,0
1.64E-13,0
1.64E-13,0
1.64E-13,0
1.64E-13,0
1.64E-13,0
1.64E-13,0
1.64E-13,0
1.64E-13,0
1.64E-13,0
1.64E-13,0
1.64E-13,0
1.64E-13,0
1.64E-13,0
1.64E-13,0
1.64E-13,0
1.64E-13,0
1.64E-13,0
1.64E-13,0
1.64E-13,0
1.64E-13,0
1.64E-13,0
1.64E-13,0
1.64E-13,0
1.64E-13,0
1.64E-13,0
1.64E-13,0
1.64E-13,0
1.64E-13,0
1.64E-13,0
1.64E-13,0
1.80E-13,0
1.34E-12,0
6.66E-07,0
0.999998751,0
0.999999999,0
0.999999999,0
0.999999999,0
0.995453377,0
4.92E-13,0
1.64E-13,0
1.64E-13,0
1.64E-13,0
1.64E-13,0
1.64E-13,0
1.64E-13,0
1.64E-13,0
1.64E-13,0
1.64E-13,0
1.64E-13,0
1.64E-13,0
1.64E-13,0
1.64E-13,0
1.64E-13,0
1.64E-13,0
1.64E-13,0
1.64E-13,0
1.64E-13,0
1.64E-13,0
1.64E-13,0
1.64E-13,0
1.64E-13,0
1.64E-13,0
1.64E-13,0
1.64E-13,0
1.64E-13,0
1.64E-13,0
1.64E-13,0
1.64E-13,0
1.64E-13,0
1.64E-13,0
1.64E-13,0
1.64E-13,0
1.64E-13,0
1.64E-13,0
1.64E-13,0
1.64E-13,0
1.64E-13,0
1.64E-13,0
1.64E-13,0
1.64E-13,0
1.64E-13,0
1.64E-13,0
1.64E-13,0
1.64E-13,0
1.64E-13,0
1.64E-13,0
1.64E-13,0
1.64E-13,0
1.64E-13,0
1.64E-13,0
1.64E-13,0
1.64E-13,0
1.64E-13,0
1.64E-13,0
1.64E-13,0
1.64E-13,0
1.64E-13,0
1.64E-13,0
1.64E-13,0
1.64E-13,0
1.64E-13,0
1.64E-13,0
1.64E-13,0
1.64E-13,0
1.64E-13,0
1.64E-13,0
1.64E-13,0
1.64E-13,0
1.64E-13,0
1.64E-13,0
1.64E-13,0
1.64E-13,0
1.64E-13,0
1.64E-13,0
1.64E-13,0
1.64E-13,0
1.64E-13,0
1.64E-13,0
1.64E-13,0
1.64E-13,0
1.64E-13,0
1.64E-13,0
1.64E-13,0
1.64E-13,0
1.64E-13,0
1.64E-13,0
1.64E-13,0
1.64E-13,0
1.64E-13,0
1.64E-13,0
1.64E-13,0
1.64E-13,0
1.64E-13,0
1.64E-13,0
1.64E-13,0
1.64E-13,0
1.64E-13,0
1.64E-13,0
1.64E-13,0
1.64E-13,0
1.64E-13,0
1.64E-13,0
1.64E-13,0
1.64E-13,0
1.64E-13,0
1.64E-13,0
1.64E-13,0
1.64E-13,0
1.64E-13,0
1.64E-13,0
1.64E-13,0
1.64E-13,0
1.64E-13,0
1.64E-13,0
1.64E-13,0
1.64E-13,0
1.64E-13,0
1.64E-13,0
1.64E-13,0
1.64E-13,0
1.64E-13,0
1.64E-13,0
1.64E-13,0
1.64E-13,0
1.64E-13,0
1.64E-13,0
1.64E-13,0
1.64E-13,0
1.64E-13,0
1.64E-13,0
1.64E-13,0
1.64E-13,0
1.64E-13,0
1.64E-13,0
1.64E-13,0
1.64E-13,0
1.64E-13,0
1.64E-13,0
1.64E-13,0
1.64E-13,0
1.64E-13,0
1.64E-13,0
1.64E-13,0
1.64E-13,0
1.64E-13,0
1.64E-13,0
1.64E-13,0
1.64E-13,0
1.64E-13,0
1.64E-13,0
1.64E-13,0
1.64E-13,0
1.64E-13,0
1.64E-13,0
1.64E-13,0
1.64E-13,0
1.64E-13,0
1.64E-13,0
1.64E-13,0
1.64E-13,0
1.64E-13,0
1.64E-13,0
1.64E-13,0
1.64E-13,0
1.64E-13,0
1.64E-13,0
1.64E-13,0
1.64E-13,0
1.64E-13,0
1.64E-13,0
1.64E-13,0
1.64E-13,0
1.64E-13,0
1.64E-13,0
1.64E-13,0
1.64E-13,0
1.64E-13,0
1.64E-13,0
1.64E-13,0
1.64E-13,0
1.64E-13,0
1.64E-13,0
1.64E-13,0
1.64E-13,0
1.64E-13,0
1.64E-13,0
1.64E-13,0
1.64E-13,0
1.64E-13,0
1.64E-13,0
1.64E-13,0
1.64E-13,0
1.64E-13,0
1.64E-13,0
1.64E-13,0
1.64E-13,0
1.64E-13,0
1.64E-13,0
1.64E-13,0
1.64E-13,0
1.64E-13,0
1.64E-13,0
1.64E-13,0
1.64E-13,0
1.64E-13,0
1.64E-13,0
1.64E-13,0
1.64E-13,0
1.64E-13,0
1.64E-13,0
1.64E-13,0
1.64E-13,0
1.64E-13,0
1.64E-13,0
1.64E-13,0
1.64E-13,0
1.64E-13,0
1.64E-13,0
1.64E-13,0
1.64E-13,0
1.64E-13,0
1.64E-13,0
1.64E-13,0
1.64E-13,0
1.64E-13,0
1.64E-13,0
1.64E-13,0
1.64E-13,0
1.64E-13,0
1.64E-13,0
1.64E-13,0
1.64E-13,0
1.64E-13,0
1.64E-13,0
1.64E-13,0
1.64E-13,0
1.64E-13,0
1.64E-13,0
1.64E-13,0
1.64E-13,0
1.64E-13,0
1.64E-13,0
1.64E-13,0
1.64E-13,0
1.64E-13,0
1.64E-13,0
1.64E-13,0
1.64E-13,0
1.64E-13,0
1.64E-13,0
1.64E-13,0
1.64E-13,0
1.64E-13,0
1.64E-13,0
1.64E-13,0
1.64E-13,0
1.64E-13,0
1.64E-13,0
1.64E-13,0
1.64E-13,0
1.64E-13,0
1.64E-13,0
1.64E-13,0
1.64E-13,0
1.64E-13,0
1.64E-13,0
1.64E-13,0
1.64E-13,0
1.64E-13,0
1.64E-13,0
1.64E-13,0
1.64E-13,0
1.64E-13,0
1.64E-13,0
1.64E-13,0
1.64E-13,0
1.64E-13,0
1.64E-13,0
1.64E-13,0
1.64E-13,0
1.64E-13,0
1.64E-13,0
1.64E-13,0
1.64E-13,0
1.64E-13,0
1.64E-13,0
1.64E-13,0
1.64E-13,0
1.64E-13,0
1.64E-13,0
1.64E-13,0
1.64E-13,0
1.64E-13,0
1.64E-13,0
1.64E-13,0
1.64E-13,0
1.64E-13,0
1.64E-13,0
1.64E-13,0
1.64E-13,0
1.64E-13,0
1.64E-13,0
1.64E-13,0
1.64E-13,0
1.64E-13,0
1.64E-13,0
1.64E-13,0
1.64E-13,0
1.64E-13,0
1.64E-13,0
1.64E-13,0
1.64E-13,0
1.64E-13,0
1.64E-13,0
1.64E-13,0
1.64E-13,0
1.64E-13,0
1.64E-13,0
1.64E-13,0
1.64E-13,0
1.64E-13,0
1.64E-13,0
1.64E-13,0
1.64E-13,0
1.64E-13,0
1.64E-13,0
1.64E-13,0
1.64E-13,0
1.64E-13,0
1.64E-13,0
1.64E-13,0
1.64E-13,0
1.64E-13,0
1.64E-13,0
1.64E-13,0
1.64E-13,0
1.64E-13,0
1.64E-13,0
1.64E-13,0
1.64E-13,0
1.64E-13,0
1.64E-13,0
1.64E-13,0
1.64E-13,0
1.64E-13,0
1.64E-13,0
1.64E-13,0
1.64E-13,0
1.64E-13,0
1.64E-13,0
1.64E-13,0
1.64E-13,0
1.64E-13,0
1.64E-13,0
1.64E-13,0
1.64E-13,0
1.64E-13,0
1.64E-13,0
1.64E-13,0
1.64E-13,0
1.64E-13,0
1.64E-13,0
1.64E-13,0
1.64E-13,0
1.64E-13,0
1.64E-13,0
1.64E-13,0
1.64E-13,0
1.64E-13,0
1.64E-13,0
1.64E-13,0
1.64E-13,0
1.64E-13,0
1.64E-13,0
1.64E-13,0
1.64E-13,0
1.64E-13,0
1.64E-13,0
1.64E-13,0
1.64E-13,0
1.64E-13,0
1.64E-13,0
1.64E-13,0
1.64E-13,0
1.64E-13,0
1.64E-13,0
1.64E-13,0
1.64E-13,0
1.64E-13,0
1.64E-13,0
1.64E-13,0
1.64E-13,0
1.64E-13,0
1.64E-13,0
1.64E-13,0
1.64E-13,0
1.64E-13,0
1.64E-13,0
1.64E-13,0
1.64E-13,0
1.64E-13,0
1.64E-13,0
1.64E-13,0
1.64E-13,0
1.64E-13,0
1.64E-13,0
1.64E-13,0
1.64E-13,0
1.64E-13,0
1.64E-13,0
1.64E-13,0
1.64E-13,0
1.64E-13,0
1.64E-13,0
1.64E-13,0
1.64E-13,0
1.64E-13,0
1.64E-13,0
1.64E-13,0
1.64E-13,0
1.64E-13,0
1.64E-13,0
1.64E-13,0
1.64E-13,0
1.64E-13,0
1.64E-13,0
1.64E-13,0
1.64E-13,0
1.64E-13,0
1.64E-13,0
1.64E-13,0
1.64E-13,0
1.64E-13,0
1.64E-13,0
1.64E-13,0
1.64E-13,0
1.64E-13,0
1.64E-13,0
1.64E-13,0
1.64E-13,0
1.64E-13,0
1.64E-13,0
1.64E-13,0
1.64E-13,0
1.64E-13,0
1.64E-13,0
1.64E-13,0
1.64E-13,0
1.64E-13,0
1.64E-13,0
1.64E-13,0
1.64E-13,0
1.64E-13,0
1.64E-13,0
1.64E-13,0
1.64E-13,0
1.64E-13,0
1.64E-13,0
1.64E-13,0
1.64E-13,0
1.64E-13,0
1.64E-13,0
1.64E-13,0
1.64E-13,0
1.64E-13,0
1.64E-13,0
1.64E-13,0
1.64E-13,0
1.64E-13,0
1.64E-13,0
1.64E-13,0
1.64E-13,0
1.64E-13,0
1.64E-13,0
1.64E-13,0
1.64E-13,0
1.64E-13,0
1.64E-13,0
1.64E-13,0
1.64E-13,0
1.64E-13,0
1.64E-13,0
1.64E-13,0
1.64E-13,0
1.83E-13,0
0.029452322,0
1.16E-11,0
7.06E-12,0
2.51E-13,0
0.039273973,0
0.999999783,0
5.44E-11,0
1.77E-13,0
2.90E-05,0
0.997610224,0
0.999967183,0
1.26E-12,0
9.16E-13,0
5.59E-05,0
1.96E-13,0
1.64E-13,0
1.64E-13,0
1.64E-13,0
1.07E-12,0
0.999999999,0
0.999999999,0
0.999999999,0
0.999997476,0
0.999999996,0
9.14E-13,0
1.64E-13,0
1.64E-13,0
1.64E-13,0
1.64E-13,0
1.64E-13,0
1.64E-13,0
1.64E-13,0
1.64E-13,0
1.64E-13,0
1.64E-13,0
1.64E-13,0
1.64E-13,0
1.64E-13,0
1.64E-13,0
1.64E-13,0
1.64E-13,0
1.64E-13,0
1.64E-13,0
1.64E-13,0
1.64E-13,0
1.64E-13,0
1.64E-13,0
1.64E-13,0
1.64E-13,0
1.64E-13,0
1.64E-13,0
1.64E-13,0
1.64E-13,0
1.64E-13,0
1.64E-13,0
1.64E-13,0
1.64E-13,0
1.64E-13,0
1.64E-13,0
1.64E-13,0
1.64E-13,0
1.64E-13,0
1.64E-13,0
1.64E-13,0
1.64E-13,0
1.64E-13,0
1.64E-13,0
1.64E-13,0
1.64E-13,0
1.64E-13,0
1.64E-13,0
1.64E-13,0
1.64E-13,0
1.64E-13,0
1.64E-13,0
1.64E-13,0
1.64E-13,0
1.64E-13,0
1.64E-13,0
1.64E-13,0
1.64E-13,0
1.64E-13,0
1.64E-13,0
1.64E-13,0
1.64E-13,0
1.64E-13,0
1.64E-13,0
1.64E-13,0
1.64E-13,0
1.64E-13,0
1.64E-13,0
1.65E-13,0
0.999999998,0
0.999999999,0
1.09E-08,0
1.64E-13,0
1.72E-13,0
0.999999998,0
0.999999999,0
0.999999999,0
0.999999999,0
1.64E-13,0
1.64E-13,0
1.64E-13,0
1.64E-13,0
1.64E-13,0
1.64E-13,0
1.64E-13,0
1.64E-13,0
1.64E-13,0
1.64E-13,0
1.64E-13,0
1.64E-13,0
1.64E-13,0
1.67E-13,0
1.81E-13,0
1.69E-13,0
1.64E-13,0
1.64E-13,0
1.64E-13,0
1.64E-13,0
1.64E-13,0
1.64E-13,0
1.64E-13,0
0.814172038,0
0.999999999,0
1.69E-13,0
1.64E-13,0
1.64E-13,0
1.64E-13,0
1.64E-13,0
1.64E-13,0
1.64E-13,0
1.64E-13,0
1.64E-13,0
1.64E-13,0
1.64E-13,0
1.64E-13,0
1.64E-13,0
1.64E-13,0
1.64E-13,0
1.64E-13,0
1.64E-13,0
1.64E-13,0
1.64E-13,0
1.64E-13,0
1.64E-13,0
1.64E-13,0
1.64E-13,0
1.64E-13,0
1.64E-13,0
1.64E-13,0
1.64E-13,0
1.64E-13,0
1.64E-13,0
1.64E-13,0
1.64E-13,0
1.64E-13,0
1.64E-13,0
1.64E-13,0
1.64E-13,0
1.64E-13,0
1.64E-13,0
1.64E-13,0
1.64E-13,0
1.64E-13,0
1.64E-13,0
1.64E-13,0
1.64E-13,0
1.64E-13,0
1.64E-13,0
1.64E-13,0
1.64E-13,0
1.64E-13,0
1.64E-13,0
1.64E-13,0
1.64E-13,0
1.64E-13,0
1.64E-13,0
1.64E-13,0
1.64E-13,0
1.64E-13,0
1.64E-13,0
1.64E-13,0
1.64E-13,0
1.64E-13,0
1.64E-13,0
1.64E-13,0
1.64E-13,0
1.64E-13,0
1.64E-13,0
1.64E-13,0
1.64E-13,0
1.64E-13,0
1.64E-13,0
1.64E-13,0
1.64E-13,0
1.64E-13,0
1.64E-13,0
1.64E-13,0
1.64E-13,0
1.64E-13,0
1.64E-13,0
1.64E-13,0
1.64E-13,0
1.64E-13,0
1.64E-13,0
1.64E-13,0
1.64E-13,0
1.64E-13,0
1.64E-13,0
1.90E-13,0
4.02E-05,0
0.999999999,0
0.999999999,0
0.999999999,0
3.26E-05,0
1.64E-13,0
2.26E-08,0
0.999999997,0
1.85E-13,0
1.64E-13,0
1.64E-13,0
1.64E-13,0
1.64E-13,0
1.64E-13,0
1.64E-13,0
1.64E-13,0
1.64E-13,0
1.64E-13,0
1.64E-13,0
1.64E-13,0
1.64E-13,0
1.64E-13,0
1.64E-13,0
1.64E-13,0
1.64E-13,0
1.64E-13,0
1.64E-13,0
1.64E-13,0
1.64E-13,0
1.64E-13,0
1.64E-13,0
1.64E-13,0
1.64E-13,0
1.64E-13,0
1.64E-13,0
1.64E-13,0
1.64E-13,0
1.64E-13,0
1.64E-13,0
1.64E-13,0
1.64E-13,0
1.64E-13,0
1.64E-13,0
1.64E-13,0
1.64E-13,0
1.64E-13,0
1.64E-13,0
1.64E-13,0
1.64E-13,0
1.64E-13,0
1.64E-13,0
1.64E-13,0
1.64E-13,0
1.64E-13,0
1.64E-13,0
1.64E-13,0
1.64E-13,0
1.64E-13,0
1.64E-13,0
1.64E-13,0
1.64E-13,0
1.64E-13,0
1.64E-13,0
1.64E-13,0
1.64E-13,0
1.64E-13,0
2.93E-13,0
0.999999998,0
0.999999989,0
1.73E-13,0
1.64E-13,0
1.64E-13,0
1.64E-13,0
1.64E-13,0
1.64E-13,0
1.64E-13,0
1.64E-13,0
1.64E-13,0
1.64E-13,0
1.64E-13,0
1.64E-13,0
1.64E-13,0
1.64E-13,0
1.64E-13,0
1.64E-13,0
1.64E-13,0
1.64E-13,0
1.64E-13,0
1.64E-13,0
1.64E-13,0
1.64E-13,0
1.64E-13,0
1.64E-13,0
1.64E-13,0
1.64E-13,0
1.64E-13,0
1.64E-13,0
1.64E-13,0
1.64E-13,0
1.64E-13,0
2.32E-10,0
0.972209162,0
1.66E-13,0
1.64E-13,0
1.64E-13,0
2.22E-13,0
3.56E-13,0
1.04E-12,0
1.15E-09,0
0.994609473,0
0.044275703,0
1.97E-13,0
1.83E-13,0
1.16E-10,0
1.66E-13,0
1.66E-13,0
2.96E-10,0
1.64E-13,0
1.64E-13,0
1.64E-13,0
1.64E-13,0
1.64E-13,0
1.64E-13,0
1.64E-13,0
1.64E-13,0
1.64E-13,0
1.64E-13,0
1.64E-13,0
1.64E-13,0
1.64E-13,0
1.64E-13,0
1.64E-13,0
1.64E-13,0
1.64E-13,0
1.64E-13,0
1.64E-13,0
1.64E-13,0
1.64E-13,0
1.64E-13,0
1.64E-13,0
1.64E-13,0
1.64E-13,0
1.64E-13,0
1.64E-13,0
1.64E-13,0
1.64E-13,0
1.64E-13,0
1.64E-13,0
1.64E-13,0
1.64E-13,0
1.64E-13,0
1.64E-13,0
1.64E-13,0
1.64E-13,0
1.64E-13,0
1.64E-13,0
1.64E-13,0
1.64E-13,0
1.64E-13,0
1.64E-13,0
1.64E-13,0
1.64E-13,0
1.64E-13,0
1.64E-13,0
1.64E-13,0
1.64E-13,0
1.64E-13,0
1.64E-13,0
1.64E-13,0
1.64E-13,0
1.64E-13,0
1.64E-13,0
1.64E-13,0
1.64E-13,0
1.64E-13,0
1.64E-13,0
1.64E-13,0
1.64E-13,0
1.64E-13,0
1.64E-13,0
1.64E-13,0
1.64E-13,0
1.64E-13,0
1.64E-13,0
1.64E-13,0
1.64E-13,0
1.64E-13,0
1.64E-13,0
1.64E-13,0
1.64E-13,0
1.64E-13,0
1.64E-13,0
1.64E-13,0
1.64E-13,0
1.64E-13,0
1.64E-13,0
1.64E-13,0
1.64E-13,0
1.64E-13,0
1.64E-13,0
1.64E-13,0
1.64E-13,0
1.64E-13,0
1.64E-13,0
1.64E-13,0
1.64E-13,0
1.64E-13,0
1.64E-13,0
1.64E-13,0
1.64E-13,0
1.64E-13,0
1.64E-13,0
1.64E-13,0
1.64E-13,0
1.64E-13,0
1.64E-13,0
1.64E-13,0
1.64E-13,0
1.64E-13,0
1.64E-13,0
1.64E-13,0
1.64E-13,0
1.64E-13,0
1.64E-13,0
1.64E-13,0
1.64E-13,0
1.64E-13,0
1.64E-13,0
1.64E-13,0
1.64E-13,0
1.64E-13,0
1.64E-13,0
1.64E-13,0
1.64E-13,0
1.64E-13,0
1.64E-13,0
1.64E-13,0
1.64E-13,0
1.64E-13,0
1.64E-13,0
1.64E-13,0
1.64E-13,0
1.64E-13,0
1.64E-13,0
1.64E-13,0
1.64E-13,0
1.64E-13,0
1.64E-13,0
1.64E-13,0
1.64E-13,0
1.64E-13,0
1.64E-13,0
1.64E-13,0
1.64E-13,0
1.64E-13,0
1.64E-13,0
1.64E-13,0
1.64E-13,0
1.64E-13,0
1.64E-13,0
1.64E-13,0
1.64E-13,0
1.64E-13,0
1.64E-13,0
1.64E-13,0
1.64E-13,0
1.64E-13,0
1.64E-13,0
1.64E-13,0
1.64E-13,0
1.64E-13,0
1.64E-13,0
1.64E-13,0
1.64E-13,0
1.64E-13,0
1.64E-13,0
1.64E-13,0
1.64E-13,0
1.64E-13,0
1.64E-13,0
1.64E-13,0
1.64E-13,0
1.64E-13,0
1.64E-13,0
1.64E-13,0
1.64E-13,0
1.64E-13,0
1.64E-13,0
1.64E-13,0
1.64E-13,0
1.64E-13,0
1.64E-13,0
1.64E-13,0
1.64E-13,0
1.64E-13,0
1.64E-13,0
1.64E-13,0
1.64E-13,0
1.64E-13,0
1.64E-13,0
1.64E-13,0
1.64E-13,0
1.64E-13,0
1.64E-13,0
1.64E-13,0
1.64E-13,0
1.64E-13,0
1.64E-13,0
1.64E-13,0
1.64E-13,0
1.64E-13,0
1.64E-13,0
1.64E-13,0
1.64E-13,0
1.64E-13,0
1.64E-13,0
1.64E-13,0
1.64E-13,0
1.64E-13,0
1.64E-13,0
1.64E-13,0
1.64E-13,0
1.64E-13,0
1.64E-13,0
1.64E-13,0
1.64E-13,0
1.64E-13,0
1.64E-13,0
1.64E-13,0
1.64E-13,0
1.64E-13,0
1.64E-13,0
1.64E-13,0
1.64E-13,0
1.64E-13,0
1.64E-13,0
1.64E-13,0
1.64E-13,0
1.64E-13,0
1.64E-13,0
1.64E-13,0
1.64E-13,0
1.64E-13,0
1.64E-13,0
1.64E-13,0
1.64E-13,0
1.64E-13,0
1.64E-13,0
1.64E-13,0
1.64E-13,0
1.64E-13,0
1.64E-13,0
1.64E-13,0
1.64E-13,0
1.64E-13,0
1.64E-13,0
1.64E-13,0
1.64E-13,0
1.64E-13,0
1.64E-13,0
1.64E-13,0
1.64E-13,0
1.64E-13,0
1.64E-13,0
1.64E-13,0
1.64E-13,0
1.64E-13,0
1.64E-13,0
1.64E-13,0
1.64E-13,0
1.72E-12,0
0.999999949,0
0.999998443,0
0.999999996,0
0.999975043,0
2.95E-13,0
1.79E-13,0
1.64E-13,0
1.64E-13,0
1.64E-13,0
2.40E-12,0
0.999999997,0
0.999999982,0
0.999997667,0
0.999999998,0
0.999999999,0
1.26E-06,0
1.65E-13,0
1.64E-13,0
1.64E-13,0
1.77E-13,0
2.31E-13,0
1.64E-13,0
1.69E-13,0
2.47E-13,0
1.02E-08,0
2.14E-13,0
1.64E-13,0
1.67E-13,0
1.90E-13,0
1.64E-13,0
1.64E-13,0
1.64E-13,0
1.68E-13,0
0.958698808,0
7.86E-13,0
1.64E-13,0
1.64E-13,0
1.64E-13,0
1.64E-13,0
1.64E-13,0
1.64E-13,0
1.64E-13,0
1.64E-13,0
1.64E-13,0
1.64E-13,0
1.64E-13,0
1.64E-13,0
1.64E-13,0
1.64E-13,0
1.64E-13,0
1.64E-13,0
1.64E-13,0
1.64E-13,0
1.64E-13,0
1.64E-13,0
1.64E-13,0
1.64E-13,0
1.64E-13,0
1.64E-13,0
1.64E-13,0
1.64E-13,0
1.64E-13,0
7.14E-12,0
0.999999987,0
0.937730572,0
1.72E-13,0
1.64E-13,0
1.64E-13,0
1.64E-13,0
1.64E-13,0
1.64E-13,0
1.64E-13,0
1.64E-13,0
1.64E-13,0
1.64E-13,0
1.64E-13,0
1.64E-13,0
1.64E-13,0
1.64E-13,0
1.64E-13,0
1.64E-13,0
1.67E-13,0
2.33E-13,0
1.64E-13,0
1.66E-13,0
8.84E-06,0
0.999999999,0
7.88E-10,0
1.80E-13,0
1.40E-12,0
0.999999988,0
0.999999995,0
0.999999995,0
0.999979047,0
0.999999999,0
0.999999999,0
0.999999999,0
0.999999999,0
0.999999999,0
0.999999999,0
0.999999999,0
0.999999999,0
0.999999999,0
0.999999999,0
0.999999999,0
0.999999999,0
0.999999999,0
0.999999999,0
0.999999999,0
0.999999999,0
0.999999999,0
0.999999999,0
0.999999999,0
0.999999999,0
0.999999999,0
0.999999999,0
0.999999999,0
0.999999999,0
0.999999999,0
0.999999999,0
0.999999999,0
0.999999999,0
0.999999999,0
0.999999999,0
0.999999999,0
0.999999999,0
0.999999999,0
0.999999999,0
0.999999999,0
0.999999999,0
0.999999999,0
0.999999999,0
0.999999999,0
0.999999999,0
0.999999999,0
0.999999999,0
0.999999999,0
0.999999999,0
0.999999999,0
0.999999999,0
0.999999999,0
0.999999999,0
0.999999999,0
0.999999999,0
0.999999999,0
0.999999999,0
0.999999999,0
0.999999999,0
0.999999999,0
0.999999999,0
0.999999999,0
0.999999999,0
0.999999999,0
0.999999999,0
0.999999999,0
0.999999999,0
0.999999999,0
0.999999999,0
0.999999999,0
0.999999999,0
0.999999999,0
0.999999999,0
0.999999999,0
0.999999999,0
0.999999999,0
0.999999999,0
0.999999999,0
0.999999999,0
0.999999999,0
0.999999999,0
0.999999999,0
0.999999999,0
0.999999999,0
1,0
0.999999999,0
0.999999999,0
0.999999999,0
0.999999999,0
0.999999999,0
0.999999999,0
0.999999999,0
0.999999999,0
0.999999999,0
0.999999999,0
0.999999999,0
0.999999999,0
0.999999999,0
0.999999999,0
0.999999999,0
0.999999999,0
0.999999999,0
0.999999999,0
0.999999999,0
0.999999999,0
0.999999999,0
0.999999999,0
0.999999999,0
0.999999999,0
0.999999999,0
0.999999999,0
0.999999999,0
0.999999999,0
0.999999999,0
0.999999999,0
0.999999999,0
0.999999999,0
1,0
0.999880297,0
0.999879386,0
0.999879386,0
0.999879386,0
0.999879386,0
0.999879386,0
0.99987939,0
0.999879386,0
0.999879386,0
0.999879452,0
0.99988331,0
0.999879392,0
0.999879386,0
0.999879386,0
0.999879386,0
0.999879386,0
0.999879386,0
0.999879386,0
0.999879386,0
0.999879386,0
0.999879386,0
0.999879386,0
0.999879386,0
0.999879386,0
0.999879386,0
0.999879386,0
0.999879386,0
0.999879386,0
0.999879386,0
0.999879386,0
0.999879386,0
0.999879476,0
1,0
1,0
1,0
1,0
1,0
1,0
0.999999999,0
1,0
0.999999999,0
0.999999999,0
0.999999999,0
0.999999999,0
0.999999999,0
0.999999999,0
0.999999999,0
0.999999999,0
0.999999999,0
0.645345704,0
1.80E-13,0
0.999999999,0
0.999999999,0
0.999999999,0
0.999999999,0
0.999999999,0
0.999999999,0
0.999999999,0
0.999999999,0
2.76E-05,0
1.78E-13,0
8.73E-11,0
0.999304457,0
1.51E-12,0
2.08E-12,0
0.999999999,0
0.999999999,0
0.999993295,0
3.64E-10,0
0.99999957,0
0.997613391,0
5.37E-13,0
1.65E-13,0
1.64E-13,0
1.64E-13,0
1.64E-13,0
1.64E-13,0
1.64E-13,0
1.64E-13,0
1.64E-13,0
1.64E-13,0
1.64E-13,0
1.64E-13,0
1.64E-13,0
1.67E-13,0
1.64E-13,0
1.64E-13,0
1.64E-13,0
1.64E-13,0
1.64E-13,0
1.64E-13,0
1.64E-13,0
1.64E-13,0
1.64E-13,0
1.64E-13,0
1.64E-13,0
1.64E-13,0
1.64E-13,0
1.64E-13,0
1.64E-13,0
1.64E-13,0
1.64E-13,0
1.64E-13,0
1.64E-13,0
1.64E-13,0
1.64E-13,0
1.64E-13,0
1.64E-13,0
1.64E-13,0
1.64E-13,0
1.64E-13,0
1.64E-13,0
2.74E-13,0
1.64E-13,0
1.64E-13,0
1.68E-13,0
0.999999999,0
0.999999999,0
0.999999999,0
1.70E-13,0
1.64E-13,0
1.64E-13,0
0.999999999,0
0.999999999,0
0.999999999,0
0.999999999,0
0.999999999,0
0.999999999,0
0.999999999,0
0.999999999,0
1,0
1,0
1,0
0.999899432,0
0.999879386,0
0.999879386,0
0.999879386,0
0.999879386,0
0.999879386,0
0.999879386,0
0.999879386,0
0.999879386,0
0.999879386,0
0.999879386,0
0.999879386,0
0.999879386,0
0.999879386,0
0.999879386,0
0.999879386,0
0.999879386,0
0.999879386,0
0.999879386,0
0.999879386,0
0.999879386,0
0.999879386,0
0.999879386,0
0.999879386,0
0.999879386,0
0.999879386,0
0.999879386,0
0.999879386,0
0.999879386,0
0.999879386,0
0.999879386,0
0.999879386,0
0.999879386,0
0.999879386,0
0.999879386,0
0.999879386,0
0.999879386,0
0.999879386,0
0.999879386,0
0.999879386,0
0.999879386,0
0.999879387,0
1,0
0.999999999,0
0.999999999,0
0.999999999,0
0.999999999,0
0.999999999,0
0.999999999,0
0.999999999,0
0.999999999,0
0.999999999,0
4.84E-13,0
1.64E-13,0
1.64E-13,0
1.64E-13,0
1.64E-13,0
1.64E-13,0
1.64E-13,0
1.64E-13,0
1.64E-13,0
1.64E-13,0
1.64E-13,0
1.64E-13,0
1.64E-13,0
1.64E-13,0
1.64E-13,0
1.64E-13,0
1.64E-13,0
1.64E-13,0
1.64E-13,0
1.64E-13,0
1.64E-13,0
1.64E-13,0
1.64E-13,0
1.64E-13,0
1.64E-13,0
1.64E-13,0
1.64E-13,0
1.64E-13,0
1.64E-13,0
1.64E-13,0
1.64E-13,0
1.64E-13,0
1.64E-13,0
1.64E-13,0
1.64E-13,0
1.64E-13,0
1.64E-13,0
1.64E-13,0
1.64E-13,0
1.64E-13,0
1.64E-13,0
1.64E-13,0
1.64E-13,0
1.64E-13,0
1.64E-13,0
1.64E-13,0
1.64E-13,0
1.64E-13,0
1.64E-13,0
1.64E-13,0
1.64E-13,0
1.64E-13,0
1.64E-13,0
1.64E-13,0
1.64E-13,0
1.64E-13,0
1.64E-13,0
1.64E-13,0
1.64E-13,0
1.64E-13,0
1.64E-13,0
1.64E-13,0
1.64E-13,0
1.64E-13,0
1.64E-13,0
1.64E-13,0
1.64E-13,0
1.64E-13,0
1.64E-13,0
1.64E-13,0
1.64E-13,0
1.64E-13,0
1.64E-13,0
1.64E-13,0
1.64E-13,0
1.64E-13,0
1.64E-13,0
1.64E-13,0
1.64E-13,0
1.64E-13,0
1.64E-13,0
1.64E-13,0
1.64E-13,0
1.64E-13,0
1.64E-13,0
1.64E-13,0
1.64E-13,0
1.64E-13,0
1.64E-13,0
1.64E-13,0
1.64E-13,0
1.64E-13,0
1.64E-13,0
1.64E-13,0
1.64E-13,0
1.64E-13,0
1.64E-13,0
1.64E-13,0
1.64E-13,0
1.64E-13,0
1.64E-13,0
1.64E-13,0
1.64E-13,0
1.64E-13,0
1.64E-13,0
1.64E-13,0
1.64E-13,0
1.64E-13,0
1.64E-13,0
1.64E-13,0
1.64E-13,0
1.64E-13,0
1.64E-13,0
1.64E-13,0
1.64E-13,0
1.64E-13,0
1.64E-13,0
1.64E-13,0
1.64E-13,0
1.64E-13,0
1.64E-13,0
1.64E-13,0
1.64E-13,0
1.64E-13,0
1.64E-13,0
1.64E-13,0
1.64E-13,0
1.64E-13,0
1.64E-13,0
1.64E-13,0
1.64E-13,0
1.64E-13,0
1.64E-13,0
1.64E-13,0
1.64E-13,0
1.64E-13,0
1.64E-13,0
1.64E-13,0
1.64E-13,0
1.64E-13,0
1.64E-13,0
1.64E-13,0
1.64E-13,0
1.64E-13,0
1.64E-13,0
1.64E-13,0
1.64E-13,0
1.64E-13,0
1.64E-13,0
1.64E-13,0
1.64E-13,0
1.64E-13,0
1.64E-13,0
1.64E-13,0
1.64E-13,0
1.64E-13,0
1.64E-13,0
1.64E-13,0
1.64E-13,0
1.64E-13,0
1.64E-13,0
1.64E-13,0
1.64E-13,0
1.64E-13,0
1.64E-13,0
1.64E-13,0
1.64E-13,0
1.64E-13,0
1.64E-13,0
1.64E-13,0
1.64E-13,0
1.64E-13,0
1.64E-13,0
1.64E-13,0
1.64E-13,0
1.64E-13,0
1.64E-13,0
1.64E-13,0
1.64E-13,0
1.64E-13,0
1.64E-13,0
1.64E-13,0
1.64E-13,0
1.64E-13,0
1.64E-13,0
1.64E-13,0
1.64E-13,0
1.64E-13,0
1.64E-13,0
1.64E-13,0
1.64E-13,0
1.64E-13,0
1.64E-13,0
1.64E-13,0
1.64E-13,0
1.64E-13,0
1.64E-13,0
1.64E-13,0
1.64E-13,0
1.64E-13,0
1.64E-13,0
1.64E-13,0
1.64E-13,0
1.64E-13,0
1.64E-13,0
1.64E-13,0
1.64E-13,0
1.64E-13,0
1.64E-13,0
1.64E-13,0
1.64E-13,0
1.64E-13,0
1.64E-13,0
1.64E-13,0
1.64E-13,0
1.64E-13,0
1.64E-13,0
1.64E-13,0
1.64E-13,0
1.64E-13,0
1.64E-13,0
1.64E-13,0
1.64E-13,0
1.64E-13,0
1.64E-13,0
1.64E-13,0
1.64E-13,0
1.64E-13,0
1.64E-13,0
1.64E-13,0
1.64E-13,0
1.64E-13,0
1.64E-13,0
1.64E-13,0
1.64E-13,0
1.64E-13,0
1.64E-13,0
1.64E-13,0
1.64E-13,0
1.64E-13,0
1.64E-13,0
1.64E-13,0
1.64E-13,0
1.64E-13,0
1.64E-13,0
1.64E-13,0
1.64E-13,0
1.64E-13,0
1.64E-13,0
1.64E-13,0
1.64E-13,0
1.64E-13,0
1.64E-13,0
1.64E-13,0
1.64E-13,0
1.64E-13,0
1.64E-13,0
1.64E-13,0
1.64E-13,0
1.64E-13,0
1.64E-13,0
1.64E-13,0
1.64E-13,0
1.64E-13,0
1.64E-13,0
1.64E-13,0
1.64E-13,0
1.64E-13,0
1.64E-13,0
1.64E-13,0
1.64E-13,0
1.64E-13,0
1.64E-13,0
1.64E-13,0
1.64E-13,0
1.64E-13,0
1.64E-13,0
1.64E-13,0
1.64E-13,0
1.64E-13,0
1.64E-13,0
1.64E-13,0
1.64E-13,0
1.64E-13,0
1.64E-13,0
1.64E-13,0
1.64E-13,0
1.64E-13,0
1.64E-13,0
1.64E-13,0
1.64E-13,0
1.64E-13,0
1.64E-13,0
1.64E-13,0
1.64E-13,0
1.64E-13,0
1.64E-13,0
1.64E-13,0
1.64E-13,0
1.64E-13,0
1.64E-13,0
1.64E-13,0
1.64E-13,0
1.64E-13,0
1.64E-13,0
1.64E-13,0
1.64E-13,0
1.64E-13,0
1.64E-13,0
1.64E-13,0
1.64E-13,0
1.64E-13,0
1.64E-13,0
1.64E-13,0
1.64E-13,0
1.64E-13,0
1.64E-13,0
1.64E-13,0
1.64E-13,0
1.64E-13,0
1.64E-13,0
1.64E-13,0
1.64E-13,0
1.64E-13,0
1.64E-13,0
1.64E-13,0
1.64E-13,0
1.64E-13,0
1.64E-13,0
1.64E-13,0
1.64E-13,0
1.64E-13,0
1.64E-13,0
1.64E-13,0
1.64E-13,0
1.64E-13,0
1.64E-13,0
1.64E-13,0
1.64E-13,0
1.64E-13,0
1.64E-13,0
1.64E-13,0
1.64E-13,0
1.64E-13,0
1.64E-13,0
1.64E-13,0
1.64E-13,0
1.64E-13,0
1.64E-13,0
1.64E-13,0
1.64E-13,0
1.64E-13,0
1.64E-13,0
1.64E-13,0
1.64E-13,0
1.64E-13,0
1.64E-13,0
1.64E-13,0
1.64E-13,0
1.64E-13,0
1.64E-13,0
1.64E-13,0
1.64E-13,0
1.64E-13,0
1.64E-13,0
1.64E-13,0
1.64E-13,0
1.64E-13,0
1.64E-13,0
1.64E-13,0
1.64E-13,0
1.64E-13,0
1.64E-13,0
1.64E-13,0
1.64E-13,0
1.64E-13,0
1.64E-13,0
1.64E-13,0
1.64E-13,0
1.64E-13,0
1.64E-13,0
1.64E-13,0
1.64E-13,0
1.64E-13,0
1.64E-13,0
1.64E-13,0
1.64E-13,0
1.64E-13,0
1.64E-13,0
1.64E-13,0
1.64E-13,0
1.64E-13,0
1.64E-13,0
1.64E-13,0
1.64E-13,0
1.64E-13,0
1.64E-13,0
1.64E-13,0
1.64E-13,0
1.64E-13,0
1.64E-13,0
1.64E-13,0
1.64E-13,0
1.64E-13,0
1.64E-13,0
1.64E-13,0
1.64E-13,0
1.64E-13,0
1.64E-13,0
1.64E-13,0
1.64E-13,0
1.64E-13,0
1.64E-13,0
1.64E-13,0
1.64E-13,0
1.64E-13,0
1.64E-13,0
1.64E-13,0
1.64E-13,0
1.64E-13,0
1.64E-13,0
1.64E-13,0
1.64E-13,0
1.64E-13,0
1.64E-13,0
1.64E-13,0
1.64E-13,0
1.64E-13,0
1.64E-13,0
1.64E-13,0
1.64E-13,0
1.64E-13,0
1.64E-13,0
1.64E-13,0
1.64E-13,0
1.64E-13,0
1.64E-13,0
1.64E-13,0
1.64E-13,0
1.64E-13,0
1.64E-13,0
1.64E-13,0
1.64E-13,0
1.64E-13,0
1.64E-13,0
1.64E-13,0
1.64E-13,0
1.64E-13,0
1.64E-13,0
1.64E-13,0
1.64E-13,0
1.64E-13,0
1.64E-13,0
1.64E-13,0
1.64E-13,0
1.64E-13,0
1.64E-13,0
1.64E-13,0
1.64E-13,0
1.64E-13,0
1.64E-13,0
1.64E-13,0
1.64E-13,0
1.64E-13,0
1.64E-13,0
1.64E-13,0
1.64E-13,0
1.64E-13,0
1.64E-13,0
1.64E-13,0
1.64E-13,0
1.64E-13,0
1.64E-13,0
1.64E-13,0
1.64E-13,0
1.64E-13,0
1.64E-13,0
1.64E-13,0
1.64E-13,0
1.64E-13,0
1.64E-13,0
1.64E-13,0
1.64E-13,0
1.64E-13,0
1.64E-13,0
1.64E-13,0
1.64E-13,0
1.64E-13,0
1.64E-13,0
1.64E-13,0
1.64E-13,0
1.64E-13,0
1.64E-13,0
1.64E-13,0
1.64E-13,0
1.64E-13,0
1.64E-13,0
1.64E-13,0
1.64E-13,0
1.64E-13,0
1.64E-13,0
1.64E-13,0
1.64E-13,0
1.64E-13,0
1.64E-13,0
1.64E-13,0
1.64E-13,0
1.64E-13,0
1.64E-13,0
1.64E-13,0
1.64E-13,0
1.64E-13,0
1.64E-13,0
1.64E-13,0
1.64E-13,0
1.64E-13,0
1.64E-13,0
1.64E-13,0
1.64E-13,0
1.64E-13,0
1.64E-13,0
1.64E-13,0
1.64E-13,0
1.64E-13,0
1.64E-13,0
1.64E-13,0
1.64E-13,0
1.64E-13,0
1.64E-13,0
1.64E-13,0
1.64E-13,0
1.64E-13,0
1.64E-13,0
1.64E-13,0
1.64E-13,0
1.64E-13,0
1.64E-13,0
1.64E-13,0
1.64E-13,0
1.64E-13,0
1.64E-13,0
1.64E-13,0
1.64E-13,0
1.64E-13,0
1.64E-13,0
1.64E-13,0
1.64E-13,0
1.64E-13,0
1.64E-13,0
1.64E-13,0
1.64E-13,0
1.64E-13,0
1.64E-13,0
1.64E-13,0
1.64E-13,0
1.64E-13,0
1.64E-13,0
1.64E-13,0
1.64E-13,0
1.64E-13,0
1.64E-13,0
1.64E-13,0
1.64E-13,0
1.64E-13,0
1.64E-13,0
1.64E-13,0
1.64E-13,0
1.64E-13,0
1.64E-13,0
1.64E-13,0
1.64E-13,0
1.64E-13,0
1.64E-13,0
1.64E-13,0
1.64E-13,0
1.64E-13,0
1.64E-13,0
1.64E-13,0
1.64E-13,0
1.64E-13,0
1.64E-13,0
1.64E-13,0
1.64E-13,0
1.64E-13,0
1.64E-13,0
1.64E-13,0
1.64E-13,0
1.64E-13,0
1.64E-13,0
1.64E-13,0
1.64E-13,0
1.64E-13,0
1.64E-13,0
1.64E-13,0
1.64E-13,0
1.64E-13,0
1.64E-13,0
1.64E-13,0
1.64E-13,0
1.64E-13,0
1.64E-13,0
1.64E-13,0
1.64E-13,0
1.64E-13,0
1.64E-13,0
1.64E-13,0
1.64E-13,0
1.64E-13,0
1.64E-13,0
1.64E-13,0
1.64E-13,0
1.64E-13,0
1.64E-13,0
1.64E-13,0
1.64E-13,0
1.64E-13,0
1.64E-13,0
1.64E-13,0
1.64E-13,0
1.64E-13,0
1.64E-13,0
1.64E-13,0
1.64E-13,0
1.64E-13,0
1.64E-13,0
1.64E-13,0
1.64E-13,0
1.64E-13,0
1.64E-13,0
1.64E-13,0
1.64E-13,0
1.64E-13,0
1.64E-13,0
1.64E-13,0
1.64E-13,0
1.64E-13,0
1.64E-13,0
1.64E-13,0
1.64E-13,0
1.64E-13,0
1.64E-13,0
1.64E-13,0
1.64E-13,0
1.64E-13,0
1.64E-13,0
1.64E-13,0
1.64E-13,0
1.64E-13,0
1.64E-13,0
1.64E-13,0
1.64E-13,0
1.64E-13,0
1.64E-13,0
1.64E-13,0
1.64E-13,0
1.64E-13,0
1.64E-13,0
1.64E-13,0
1.64E-13,0
1.64E-13,0
1.64E-13,0
1.64E-13,0
1.64E-13,0
1.64E-13,0
1.64E-13,0
1.64E-13,0
1.64E-13,0
1.64E-13,0
1.64E-13,0
1.64E-13,0
1.64E-13,0
1.64E-13,0
1.64E-13,0
1.64E-13,0
1.64E-13,0
1.64E-13,0
1.64E-13,0
1.64E-13,0
1.64E-13,0
1.64E-13,0
1.64E-13,0
1.64E-13,0
1.64E-13,0
1.64E-13,0
1.64E-13,0
1.64E-13,0
1.64E-13,0
1.64E-13,0
1.64E-13,0
1.64E-13,0
1.64E-13,0
1.64E-13,0
1.64E-13,0
1.64E-13,0
1.64E-13,0
1.64E-13,0
1.64E-13,0
1.64E-13,0
1.64E-13,0
1.64E-13,0
1.64E-13,0
1.64E-13,0
1.64E-13,0
1.64E-13,0
1.64E-13,0
1.64E-13,0
1.64E-13,0
1.64E-13,0
1.64E-13,0
1.64E-13,0
1.64E-13,0
1.64E-13,0
1.64E-13,0
1.64E-13,0
1.64E-13,0
1.64E-13,0
1.64E-13,0
1.64E-13,0
1.64E-13,0
1.64E-13,0
1.64E-13,0
1.64E-13,0
1.64E-13,0
1.64E-13,0
1.64E-13,0
1.64E-13,0
1.64E-13,0
1.64E-13,0
1.64E-13,0
1.64E-13,0
1.64E-13,0
1.64E-13,0
1.64E-13,0
1.64E-13,0
1.64E-13,0
1.64E-13,0
1.64E-13,0
1.64E-13,0
1.64E-13,0
1.64E-13,0
1.64E-13,0
1.64E-13,0
1.64E-13,0
1.64E-13,0
1.64E-13,0
1.64E-13,0
1.64E-13,0
1.64E-13,0
1.64E-13,0
1.64E-13,0
1.64E-13,0
1.64E-13,0
1.64E-13,0
1.64E-13,0
1.64E-13,0
1.64E-13,0
1.64E-13,0
1.64E-13,0
1.64E-13,0
1.64E-13,0
1.64E-13,0
1.64E-13,0
1.64E-13,0
1.64E-13,0
1.64E-13,0
1.64E-13,0
1.64E-13,0
1.64E-13,0
1.64E-13,0
1.64E-13,0
1.64E-13,0
1.64E-13,0
1.64E-13,0
1.64E-13,0
1.64E-13,0
1.64E-13,0
1.64E-13,0
1.64E-13,0
1.64E-13,0
1.64E-13,0
1.64E-13,0
1.64E-13,0
1.64E-13,0
1.64E-13,0
1.64E-13,0
1.64E-13,0
1.64E-13,0
1.64E-13,0
1.64E-13,0
1.64E-13,0
1.64E-13,0
1.64E-13,0
1.64E-13,0
1.64E-13,0
1.64E-13,0
1.64E-13,0
1.64E-13,0
1.64E-13,0
1.64E-13,0
1.64E-13,0
1.64E-13,0
1.64E-13,0
1.64E-13,0
1.64E-13,0
1.64E-13,0
1.64E-13,0
1.64E-13,0
1.64E-13,0
1.64E-13,0
1.64E-13,0
1.64E-13,0
1.64E-13,0
1.64E-13,0
1.64E-13,0
1.64E-13,0
1.64E-13,0
1.64E-13,0
1.64E-13,0
1.64E-13,0
1.64E-13,0
1.64E-13,0
1.64E-13,0
1.64E-13,0
1.64E-13,0
1.64E-13,0
1.64E-13,0
1.64E-13,0
1.64E-13,0
1.64E-13,0
1.64E-13,0
1.64E-13,0
1.64E-13,0
1.64E-13,0
1.64E-13,0
1.64E-13,0
1.64E-13,0
1.64E-13,0
1.64E-13,0
1.64E-13,0
1.64E-13,0
1.64E-13,0
1.64E-13,0
1.64E-13,0
1.64E-13,0
1.64E-13,0
1.64E-13,0
1.64E-13,0
1.64E-13,0
1.64E-13,0
1.64E-13,0
1.64E-13,0
1.64E-13,0
1.64E-13,0
1.64E-13,0
1.64E-13,0
1.64E-13,0
1.64E-13,0
1.64E-13,0
1.64E-13,0
1.64E-13,0
1.64E-13,0
1.64E-13,0
1.64E-13,0
1.64E-13,0
1.64E-13,0
1.64E-13,0
1.64E-13,0
1.64E-13,0
1.64E-13,0
1.64E-13,0
1.64E-13,0
1.64E-13,0
1.64E-13,0
1.64E-13,0
1.64E-13,0
1.64E-13,0
1.64E-13,0
1.64E-13,0
1.64E-13,0
1.64E-13,0
1.64E-13,0
1.64E-13,0
1.64E-13,0
1.64E-13,0
1.64E-13,0
1.64E-13,0
1.64E-13,0
1.64E-13,0
1.64E-13,0
1.64E-13,0
1.64E-13,0
1.64E-13,0
1.64E-13,0
1.64E-13,0
1.64E-13,0
1.64E-13,0
1.64E-13,0
1.64E-13,0
1.64E-13,0
1.64E-13,0
1.64E-13,0
1.64E-13,0
1.64E-13,0
1.64E-13,0
1.64E-13,0
1.64E-13,0
1.64E-13,0
1.64E-13,0
1.64E-13,0
1.64E-13,0
1.64E-13,0
1.64E-13,0
1.64E-13,0
1.64E-13,0
1.64E-13,0
1.64E-13,0
1.64E-13,0
1.64E-13,0
1.64E-13,0
1.64E-13,0
1.64E-13,0
1.64E-13,0
1.64E-13,0
1.64E-13,0
1.64E-13,0
1.64E-13,0
1.64E-13,0
1.64E-13,0
1.64E-13,0
1.64E-13,0
1.64E-13,0
1.64E-13,0
1.64E-13,0
1.64E-13,0
1.64E-13,0
1.64E-13,0
1.64E-13,0
1.64E-13,0
1.64E-13,0
1.64E-13,0
1.64E-13,0
1.64E-13,0
1.64E-13,0
1.64E-13,0
1.64E-13,0
1.64E-13,0
1.64E-13,0
1.64E-13,0
1.64E-13,0
1.64E-13,0
1.64E-13,0
1.64E-13,0
1.64E-13,0
1.64E-13,0
1.64E-13,0
1.64E-13,0
1.64E-13,0
1.64E-13,0
1.64E-13,0
1.64E-13,0
1.64E-13,0
1.64E-13,0
1.64E-13,0
1.64E-13,0
1.64E-13,0
1.64E-13,0
1.64E-13,0
1.64E-13,0
1.64E-13,0
1.64E-13,0
1.64E-13,0
1.64E-13,0
1.64E-13,0
1.64E-13,0
1.64E-13,0
1.64E-13,0
1.64E-13,0
1.64E-13,0
1.64E-13,0
1.64E-13,0
1.64E-13,0
1.64E-13,0
1.64E-13,0
1.64E-13,0
1.64E-13,0
1.64E-13,0
1.64E-13,0
1.64E-13,0
1.64E-13,0
1.64E-13,0
1.64E-13,0
1.64E-13,0
1.64E-13,0
1.64E-13,0
1.64E-13,0
1.64E-13,0
1.64E-13,0
1.64E-13,0
1.64E-13,0
1.64E-13,0
1.64E-13,0
1.64E-13,0
1.64E-13,0
1.64E-13,0
1.64E-13,0
1.64E-13,0
1.64E-13,0
1.64E-13,0
1.64E-13,0
1.64E-13,0
1.64E-13,0
1.64E-13,0
1.64E-13,0
1.64E-13,0
1.64E-13,0
1.64E-13,0
1.64E-13,0
1.64E-13,0
1.64E-13,0
1.64E-13,0
1.64E-13,0
1.64E-13,0
1.64E-13,0
1.64E-13,0
1.64E-13,0
1.64E-13,0
1.64E-13,0
1.64E-13,0
1.64E-13,0
1.64E-13,0
1.64E-13,0
1.64E-13,0
1.64E-13,0
1.64E-13,0
1.64E-13,0
1.64E-13,0
1.64E-13,0
1.64E-13,0
1.64E-13,0
1.64E-13,0
1.64E-13,0
1.64E-13,0
1.64E-13,0
1.64E-13,0
1.64E-13,0
1.64E-13,0
1.64E-13,0
1.64E-13,0
1.64E-13,0
1.64E-13,0
1.64E-13,0
1.64E-13,0
1.64E-13,0
1.64E-13,0
1.64E-13,0
1.64E-13,0
1.64E-13,0
1.64E-13,0
1.64E-13,0
1.64E-13,0
1.64E-13,0
1.64E-13,0
1.64E-13,0
1.64E-13,0
1.64E-13,0
1.64E-13,0
1.64E-13,0
1.64E-13,0
1.64E-13,0
1.64E-13,0
1.64E-13,0
1.64E-13,0
1.64E-13,0
1.64E-13,0
1.64E-13,0
1.64E-13,0
1.64E-13,0
1.64E-13,0
1.64E-13,0
1.64E-13,0
1.64E-13,0
1.64E-13,0
1.64E-13,0
1.64E-13,0
1.64E-13,0
1.64E-13,0
1.64E-13,0
1.64E-13,0
1.64E-13,0
1.64E-13,0
1.64E-13,0
1.64E-13,0
1.64E-13,0
1.64E-13,0
1.64E-13,0
1.64E-13,0
1.64E-13,0
1.64E-13,0
1.64E-13,0
1.64E-13,0
1.64E-13,0
1.64E-13,0
1.64E-13,0
1.64E-13,0
1.64E-13,0
1.64E-13,0
1.64E-13,0
1.64E-13,0
1.64E-13,0
1.64E-13,0
1.64E-13,0
1.64E-13,0
1.64E-13,0
1.64E-13,0
1.64E-13,0
1.64E-13,0
1.64E-13,0
1.64E-13,0
1.64E-13,0
1.64E-13,0
1.64E-13,0
1.64E-13,0
1.64E-13,0
1.64E-13,0
1.64E-13,0
1.64E-13,0
1.64E-13,0
1.64E-13,0
1.64E-13,0
1.64E-13,0
1.64E-13,0
1.64E-13,0
1.64E-13,0
1.64E-13,0
1.64E-13,0
1.64E-13,0
1.64E-13,0
1.64E-13,0
1.64E-13,0
1.64E-13,0
1.64E-13,0
1.64E-13,0
1.64E-13,0
1.64E-13,0
1.64E-13,0
1.64E-13,0
1.64E-13,0
1.64E-13,0
1.64E-13,0
1.64E-13,0
1.64E-13,0
1.64E-13,0
1.64E-13,0
1.64E-13,0
1.64E-13,0
1.64E-13,0
1.64E-13,0
1.64E-13,0
1.64E-13,0
1.64E-13,0
1.64E-13,0
1.64E-13,0
1.64E-13,0
1.64E-13,0
1.64E-13,0
1.64E-13,0
1.64E-13,0
1.64E-13,0
1.64E-13,0
1.64E-13,0
1.64E-13,0
1.64E-13,0
1.64E-13,0
1.64E-13,0
1.64E-13,0
1.64E-13,0
1.64E-13,0
1.64E-13,0
1.64E-13,0
1.64E-13,0
1.64E-13,0
1.64E-13,0
1.64E-13,0
1.64E-13,0
1.64E-13,0
1.64E-13,0
1.64E-13,0
1.64E-13,0
1.64E-13,0
1.64E-13,0
1.64E-13,0
1.64E-13,0
1.64E-13,0
1.64E-13,0
1.64E-13,0
1.64E-13,0
1.64E-13,0
1.64E-13,0
1.64E-13,0
1.64E-13,0
1.64E-13,0
1.64E-13,0
1.64E-13,0
1.64E-13,0
1.64E-13,0
1.64E-13,0
1.64E-13,0
1.64E-13,0
1.64E-13,0
1.64E-13,0
1.64E-13,0
1.64E-13,0
1.64E-13,0
1.64E-13,0
1.64E-13,0
1.64E-13,0
1.64E-13,0
1.64E-13,0
1.64E-13,0
1.64E-13,0
1.64E-13,0
1.64E-13,0
1.64E-13,0
1.64E-13,0
1.64E-13,0
1.64E-13,0
1.64E-13,0
1.64E-13,0
1.64E-13,0
1.64E-13,0
1.64E-13,0
1.64E-13,0
1.64E-13,0
1.64E-13,0
1.64E-13,0
1.64E-13,0
1.64E-13,0
1.64E-13,0
1.64E-13,0
1.64E-13,0
1.64E-13,0
1.64E-13,0
1.64E-13,0
1.64E-13,0
1.64E-13,0
1.64E-13,0
1.64E-13,0
1.64E-13,0
1.64E-13,0
1.64E-13,0
1.64E-13,0
1.64E-13,0
1.64E-13,0
1.64E-13,0
1.64E-13,0
1.64E-13,0
1.64E-13,0
1.64E-13,0
1.64E-13,0
1.64E-13,0
1.64E-13,0
1.64E-13,0
1.64E-13,0
1.64E-13,0
1.64E-13,0
1.64E-13,0
1.64E-13,0
1.64E-13,0
1.64E-13,0
1.64E-13,0
1.64E-13,0
1.64E-13,0
1.64E-13,0
1.64E-13,0
1.64E-13,0
1.64E-13,0
1.64E-13,0
1.64E-13,0
1.64E-13,0
1.64E-13,0
1.64E-13,0
1.64E-13,0
1.64E-13,0
1.64E-13,0
1.64E-13,0
1.64E-13,0
1.64E-13,0
1.64E-13,0
1.64E-13,0
1.64E-13,0
1.64E-13,0
1.64E-13,0
1.64E-13,0
1.64E-13,0
1.64E-13,0
1.64E-13,0
1.64E-13,0
1.64E-13,0
1.64E-13,0
1.64E-13,0
1.64E-13,0
1.64E-13,0
1.64E-13,0
1.64E-13,0
1.64E-13,0
1.64E-13,0
1.64E-13,0
1.64E-13,0
1.64E-13,0
1.64E-13,0
1.64E-13,0
1.64E-13,0
1.64E-13,0
1.64E-13,0
1.64E-13,0
1.64E-13,0
1.64E-13,0
1.64E-13,0
1.64E-13,0
1.64E-13,0
1.64E-13,0
1.64E-13,0
1.64E-13,0
1.64E-13,0
1.64E-13,0
1.64E-13,0
1.64E-13,0
1.64E-13,0
1.64E-13,0
1.64E-13,0
1.64E-13,0
1.64E-13,0
1.64E-13,0
1.64E-13,0
1.64E-13,0
1.64E-13,0
1.64E-13,0
1.64E-13,0
1.64E-13,0
1.64E-13,0
1.64E-13,0
1.64E-13,0
1.64E-13,0
1.64E-13,0
1.64E-13,0
1.64E-13,0
1.64E-13,0
1.64E-13,0
1.64E-13,0
1.64E-13,0
1.64E-13,0
1.64E-13,0
1.64E-13,0
1.64E-13,0
1.64E-13,0
1.64E-13,0
1.64E-13,0
1.64E-13,0
1.64E-13,0
1.64E-13,0
1.64E-13,0
1.64E-13,0
1.64E-13,0
1.64E-13,0
1.64E-13,0
1.64E-13,0
1.64E-13,0
1.64E-13,0
1.64E-13,0
1.64E-13,0
1.64E-13,0
1.64E-13,0
1.64E-13,0
1.64E-13,0
1.64E-13,0
1.64E-13,0
1.64E-13,0
1.64E-13,0
1.64E-13,0
1.64E-13,0
1.64E-13,0
1.64E-13,0
1.64E-13,0
1.64E-13,0
1.64E-13,0
1.64E-13,0
1.64E-13,0
1.64E-13,0
1.64E-13,0
1.64E-13,0
1.67E-13,0
8.43E-05,0
0.999999999,0
0.999999999,0
1.64E-13,0
1.64E-13,0
1.64E-13,0
1.64E-13,0
1.64E-13,0
1.64E-13,0
1.64E-13,0
1.64E-13,0
1.64E-13,0
1.64E-13,0
1.64E-13,0
1.64E-13,0
1.64E-13,0
1.64E-13,0
1.64E-13,0
1.64E-13,0
1.64E-13,0
1.64E-13,0
1.64E-13,0
1.64E-13,0
1.64E-13,0
0.999879386,1
0.999879386,1
0.999879386,1
0.999879386,1
0.999879386,1
0.999879386,1
0.999879386,1
0.999879386,1
0.999879386,1
0.999879386,1
0.999879386,1
0.999879396,1
0.999886213,1
1,1
1,1
1,1
1,1
0.9999668,1
0.99987963,1
0.999880658,1
0.999890209,1
1,1
1,1
1,1
1,1
0.999999999,1
0.999999999,1
0.999999999,1
0.999999999,1
0.999999999,1
0.999999999,1
0.999999999,1
0.999999999,1
0.999999999,1
0.999999999,1
0.999999999,1
0.999999999,1
0.999999999,1
0.999999999,1
0.999999999,1
0.999999999,1
0.999999999,1
0.999999999,1
0.999999999,1
1,1
1,1
1,1
1,1
1,1
1,1
1,1
1,1
1,1
1,1
1,1
1,1
1,1
1,1
1,1
1,1
1,1
1,1
1,1
1,1
1,1
1,1
0.999999999,1
1,1
1,1
1,1
0.999999999,1
0.999999999,1
1,1
1,1
1,1
0.999999999,1
1,1
1,1
1,1
1,1
1,1
1,1
1,1
1,1
1,1
0.999999713,1
0.999883756,1
0.999879395,1
0.99987939,1
0.999999301,1
1,1
1,1
1,1
1,1
1,1
1,1
1,1
1,1
1,1
0.999999999,1
1,1
1,1
1,1
1,1
1,1
1,1
0.999882577,1
0.999879386,1
0.999879386,1
0.999879386,1
0.999879386,1
0.999879386,1
0.999879389,1
0.99987941,1
0.999879386,1
0.999879386,1
0.99987939,1
0.999879412,1
0.999879386,1
0.999879386,1
0.999879386,1
0.999988613,1
1,1
1,1
1,1
1,1
1,1
1,1
1,1
0.999999999,1
1,1
1,1
1,1
1,1
1,1
1,1
1,1
1,1
1,1
1,1
1,1
1,1
1,1
1,1
1,1
1,1
1,1
1,1
1,1
1,1
1,1
1,1
0.999966392,1
0.999879386,1
0.999879386,1
0.999879386,1
0.999879386,1
0.999879389,1
0.999883151,1
0.999998022,1
1,1
1,1
1,1
1,1
1,1
1,1
1,1
1,1
0.999999999,1
0.999999999,1
0.999999999,1
1,1
1,1
1,1
1,1
1,1
1,1
1,1
1,1
1,1
0.999999999,1
0.999999999,1
0.999999999,1
1,1
1,1
1,1
1,1
1,1
1,1
1,1
1,1
0.999897736,1
0.999879578,1
0.999879386,1
0.999879386,1
0.999879386,1
0.999879386,1
0.999879386,1
0.999879386,1
0.999879395,1
0.999879423,1
0.999879388,1
0.999879386,1
0.999879427,1
0.999907018,1
0.999898653,1
0.999880429,1
0.999891574,1
0.999942893,1
0.999892213,1
1,1
1,1
1,1
1,1
1,1
1,1
1,1
1,1
1,1
1,1
1,1
1,1
1,1
1,1
0.99999078,1
0.999999057,1
0.999882034,1
0.999901685,1
1,1
1,1
1,1
1,1
1,1
0.999884367,1
0.999879389,1
0.999879411,1
0.999879938,1
0.999879512,1
0.999879386,1
0.999879386,1
0.999879389,1
1,1
1,1
0.999890284,1
0.999879387,1
0.999879392,1
0.999879487,1
0.999879412,1
0.999879386,1
0.999879386,1
0.999879386,1
0.999879386,1
0.999879386,1
0.999879386,1
0.999879386,1
0.999879386,1
0.999879421,1
0.999881109,1
0.999879531,1
0.999886019,1
0.999881314,1
0.999879447,1
0.999879386,1
0.999879386,1
0.999879386,1
0.999879386,1
0.999879386,1
0.999879386,1
0.999879386,1
0.999879386,1
0.999879386,1
0.999879386,1
0.999879386,1
0.999879386,1
0.999879386,1
0.999879386,1
0.999879386,1
0.999879386,1
0.999879386,1
0.999879386,1
0.999879386,1
0.999879386,1
0.999879386,1
0.999879386,1
0.999879611,1
0.999879393,1
0.999879386,1
0.999879386,1
0.999879386,1
0.999879386,1
0.999879387,1
0.999879446,1
0.999887393,1
0.999882793,1
0.999879677,1
0.99988739,1
1,1
1,1
0.999881387,1
0.999879414,1
0.999879439,1
0.999879387,1
0.999879386,1
0.999879386,1
0.999879386,1
0.999879386,1
0.999879386,1
0.999879386,1
0.999879386,1
0.999879386,1
0.999879386,1
0.999879386,1
0.999879386,1
0.999879386,1
0.99999836,1
1,1
0.999999999,1
0.999999999,1
0.999999999,1
0.999999999,1
0.999999999,1
0.999999999,1
0.999999999,1
0.999999999,1
0.999999999,1
0.999999999,1
0.999999999,1
0.999999999,1
0.999999999,1
0.999999999,1
0.999999999,1
0.999999999,1
0.999999999,1
0.999999999,1
0.999999999,1
0.999999999,1
0.999999999,1
0.999999999,1
0.999999999,1
0.999999999,1
0.999999999,1
0.999999999,1
0.999999999,1
1,1
1,1
1,1
1,1
1,1
1,1
0.999880432,1
0.999879386,1
0.999879386,1
0.999879386,1
0.999880188,1
1,1
1,1
1,1
1,1
0.999999999,1
0.999999999,1
0.999999999,1
0.999999999,1
0.999999999,1
0.999999999,1
0.999999999,1
0.999999999,1
0.999999999,1
0.999999999,1
0.999999999,1
0.999999999,1
0.999999999,1
0.999999999,1
0.999999999,1
0.999999999,1
0.999999999,1
0.999999999,1
0.999999999,1
0.999999999,1
0.999999999,1
0.999999999,1
0.999999999,1
0.999999999,1
0.999999999,1
0.999999999,1
0.999999999,1
0.999999999,1
0.999999999,1
0.999999999,1
0.999999999,1
0.999999999,1
0.999999999,1
0.999999999,1
0.999999999,1
0.999999999,1
0.999999999,1
0.999999999,1
0.999999999,1
0.999999999,1
0.999999999,1
0.999999999,1
0.999999999,1
0.999999999,1
0.999999999,1
0.999999999,1
0.999999999,1
0.999999999,1
0.999999999,1
0.999999999,1
0.999999999,1
0.999999999,1
1,1
1,1
1,1
1,1
1,1
1,1
1,1
1,1
1,1
1,1
0.999999999,1
1,1
1,1
1,1
1,1
1,1
1,1
1,1
1,1
1,1
1,1
1,1
0.999999999,1
0.999999999,1
0.999999999,1
0.999999999,1
0.999999999,1
0.999999999,1
0.999999999,1
0.999999999,1
0.999999999,1
0.999999999,1
1,1
1,1
1,1
1,1
1,1
0.999999999,1
1,1
1,1
1,1
1,1
0.999999999,1
0.999999999,1
0.999999999,1
0.999999999,1
1,1
1,1
1,1
1,1
1,1
1,1
1,1
1,1
0.999999999,1
1,1
1,1
1,1
1,1
1,1
1,1
1,1
1,1
0.999999999,1
0.999999999,1
1,1
1,1
1,1
0.999999999,1
0.999999999,1
0.999999999,1
0.999999999,1
0.999999999,1
0.999999999,1
0.999999999,1
0.999999999,1
0.999999999,1
0.999999999,1
0.999999999,1
0.999999999,1
1,1
0.999999999,1
0.999999999,1
0.999999999,1
0.999999999,1
0.999999999,1
0.999999999,1
0.999999999,1
0.999999999,1
0.999999999,1
0.999999999,1
0.999999999,1
0.999999999,1
0.999999999,1
1,1
1,1
1,1
0.999999999,1
1,1
1,1
0.999999999,1
0.999999999,1
0.999999999,1
0.999999999,1
0.999999999,1
0.999999999,1
0.999999999,1
0.999999999,1
0.999999999,1
0.999999999,1
0.999999999,1
0.999999999,1
0.999999999,1
0.999999999,1
0.999999999,1
0.999999999,1
0.999999999,1
0.999999999,1
0.999999999,1
0.999999999,1
0.999999999,1
0.999999999,1
0.999999999,1
0.999999999,1
0.999999999,1
0.999999999,1
0.999999999,1
0.999999999,1
0.999999999,1
0.999999999,1
0.999999999,1
0.999999999,1
0.999999999,1
0.999999999,1
0.999999999,1
0.999999999,1
0.999999999,1
0.999999999,1
1,1
1,1
1,1
1,1
1,1
1,1
0.999999999,1
1,1
1,1
1,1
1,1
1,1
1,1
1,1
1,1
1,1
1,1
1,1
0.999999999,1
0.999999999,1
0.999999999,1
0.999999999,1
0.999999999,1
0.999999999,1
0.999999999,1
1,1
0.999999999,1
0.999999999,1
0.999999999,1
0.999999999,1
0.999999999,1
0.999999999,1
0.999999999,1
0.999999999,1
0.999999999,1
0.999999999,1
0.999999999,1
0.999999999,1
0.999999999,1
0.999999999,1
0.999999999,1
0.999999999,1
0.999999999,1
0.999999999,1
0.999999999,1
0.999999999,1
0.999999999,1
0.999999999,1
0.999999999,1
0.999999999,1
0.999999999,1
0.999999999,1
0.999999999,1
0.999999999,1
0.999999999,1
0.999999999,1
0.999999999,1
0.999999999,1
0.999999999,1
0.999999999,1
0.999999999,1
0.999999999,1
0.999999999,1
0.999999999,1
0.999999999,1
0.999999999,1
0.999999999,1
1,1
1,1
1,1
0.999999999,1
0.999999999,1
0.999999999,1
0.999999999,1
0.999999999,1
0.999999999,1
0.999999999,1
0.999999999,1
0.999999999,1
0.999999999,1
0.999999999,1
0.999999999,1
0.999999999,1
0.999999999,1
0.999999999,1
0.999999999,1
0.999999999,1
0.999999999,1
1,1
1,1
0.999999999,1
0.999999999,1
0.999999999,1
0.999999999,1
0.999999999,1
0.999999999,1
1,1
0.999881904,1
0.99987945,1
0.999882437,1
1,1
1,1
0.999883448,1
0.999879386,1
0.999879399,1
0.999999979,1
1,1
1,1
1,1
1,1
0.99993556,1
0.999880272,1
0.999969833,1
0.999881463,1
0.999880427,1
1,1
1,1
1,1
1,1
1,1
0.999999999,1
0.999999999,1
0.999999999,1
0.999999999,1
1,1
1,1
1,1
1,1
0.999999999,1
0.999999999,1
0.999999999,1
0.999999999,1
0.999999999,1
0.999999999,1
0.999999999,1
0.999999999,1
0.999999999,1
0.999999999,1
0.999999999,1
0.999999999,1
0.999999999,1
0.999999999,1
0.999999999,1
0.999999999,1
0.999999999,1
0.999999999,1
0.999999999,1
0.999999999,1
0.999999999,1
1,1
1,1
1,1
1,1
1,1
1,1
1,1
0.999999999,1
0.999999999,1
0.999999999,1
1,1
1,1
1,1
1,1
1,1
1,1
1,1
0.9998799,1
0.999996174,1
1,1
1,1
1,1
1,1
1,1
1,1
1,1
0.999999999,1
0.999999999,1
0.999999999,1
0.999999999,1
0.999999999,1
0.999999999,1
1,1
1,1
1,1
1,1
0.999999999,1
0.999999999,1
0.999999999,1
1,1
1,1
0.999880067,1
0.999879408,1
0.999879406,1
0.999879397,1
0.999879391,1
0.999879439,1
0.999879802,1
0.999879387,1
0.999879393,1
0.999886123,1
0.999921291,1
0.999879407,1
0.999879397,1
0.999879397,1
0.999879464,1
0.999880687,1
0.999879996,1
0.999889216,1
0.999918601,1
0.999879436,1
0.999879414,1
0.999887234,1
0.999929118,1
0.999879705,1
0.999879389,1
0.999879386,1
0.999879386,1
0.999879386,1
0.999879386,1
0.999879386,1
0.999879386,1
0.99987939,1
0.999902725,1
0.999999635,1
0.999879397,1
0.999879386,1
0.999879386,1
0.999879386,1
0.999879386,1
0.999879386,1
0.999882709,1
0.999893648,1
0.999879776,1
0.999886076,1
1,1
1,1
0.999999776,1
0.999880565,1
0.99987939,1
0.999879386,1
0.999879386,1
0.999879389,1
0.999884818,1
0.999879391,1
0.999879386,1
0.999879389,1
0.999879386,1
0.999879386,1
0.999879386,1
0.999879386,1
0.999879386,1
0.999879386,1
0.999879386,1
0.999879386,1
0.999879386,1
0.999879386,1
0.999879393,1
0.999885047,1
0.999882981,1
0.999894793,1
1,1
0.999999981,1
0.999895946,1
0.999881118,1
0.999879459,1
0.999879386,1
0.999879386,1
0.999879674,1
0.999970321,1
1,1
1,1
1,1
1,1
1,1
1,1
1,1
0.999999999,1
0.999999999,1
0.999999999,1
0.999999999,1
0.999999999,1
0.999999999,1
0.999999999,1
0.999999999,1
0.999999999,1
1,1
0.999999999,1
1,1
1,1
1,1
1,1
1,1
1,1
1,1
1,1
0.999999947,1
0.999999998,1
0.999944532,1
0.999879396,1
0.999879386,1
0.999879386,1
0.999879386,1
0.999879386,1
0.999879393,1
0.999879519,1
0.999879394,1
0.999882544,1
1,1
1,1
1,1
1,1
1,1
1,1
0.999999999,1
0.999999999,1
0.999999999,1
0.999999999,1
0.999999999,1
0.999999999,1
0.999999999,1
0.999999999,1
0.999999999,1
0.999999999,1
1,1
1,1
1,1
1,1
1,1
1,1
1,1
1,1
1,1
1,1
1,1
0.999999996,1
0.9999762,1
1,1
0.999999986,1
1,1
1,1
1,1
1,1
1,1
1,1
1,1
1,1
1,1
1,1
1,1
1,1
1,1
1,1
1,1
1,1
1,1
0.999999999,1
0.999999999,1
0.999999999,1
0.999999999,1
0.999999999,1
0.999999999,1
0.999999999,1
0.999999999,1
0.999999999,1
0.999999999,1
0.999999999,1
0.999999999,1
0.999999999,1
0.999999999,1
0.999999999,1
0.999999999,1
0.999999999,1
0.999999999,1
0.999999999,1
0.999999999,1
1,1
1,1
1,1
1,1
1,1
1,1
1,1
1,1
1,1
1,1
1,1
0.999979621,1
0.99988667,1
0.999975626,1
1,1
1,1
0.999999999,1
0.999999999,1
1,1
1,1
0.999999999,1
0.999999999,1
0.999999999,1
0.999999999,1
0.999999999,1
0.999999999,1
0.999999999,1
0.999999999,1
0.999999999,1
0.999999999,1
0.999999999,1
0.999999999,1
0.999999999,1
0.999999999,1
0.999999999,1
0.999999999,1
0.999999999,1
0.999999999,1
0.999999999,1
0.999999999,1
0.999999999,1
0.999999999,1
0.999999999,1
0.999999999,1
0.999999999,1
0.999999999,1
0.999999999,1
0.999999999,1
0.999999999,1
0.999999999,1
0.999999999,1
0.999999999,1
0.999999999,1
0.999999999,1
0.999999999,1
0.999999999,1
0.999999999,1
0.999999999,1
0.999999999,1
0.999999999,1
0.999999999,1
0.999999999,1
0.999999999,1
0.999999999,1
0.999999999,1
0.999999999,1
0.999999999,1
0.999999999,1
0.999999999,1
0.999999999,1
0.999999999,1
0.999999999,1
0.999999999,1
0.999999999,1
0.999999999,1
0.999999999,1
0.999999999,1
0.999999999,1
0.999999999,1
0.999999999,1
0.999999999,1
0.999999999,1
0.999999999,1
0.999999999,1
0.999999999,1
0.999999999,1
0.999999999,1
0.999999999,1
0.999999999,1
0.999999999,1
0.999999999,1
0.999999999,1
0.999999999,1
0.999999999,1
0.999999999,1
0.999999999,1
0.999999999,1
0.999999999,1
0.999999999,1
0.999999999,1
0.999999999,1
0.999999999,1
0.999999999,1
0.999999999,1
0.999999999,1
0.999999999,1
0.999999999,1
0.999999999,1
0.999999999,1
0.999999999,1
0.999999999,1
0.999999999,1
0.999999999,1
0.999999999,1
0.999999999,1
0.999999999,1
0.999999999,1
0.999999999,1
0.999999999,1
0.999999999,1
0.999999999,1
0.999999999,1
0.999999999,1
0.999999999,1
0.999999999,1
0.999999999,1
0.999999999,1
0.999999999,1
0.999999999,1
0.999999999,1
0.999999999,1
0.999999999,1
0.999999999,1
0.999999999,1
0.999999999,1
0.999999999,1
0.999999999,1
0.999999999,1
0.999999999,1
0.999999999,1
0.999999999,1
0.999999999,1
0.999999999,1
0.999999999,1
0.999999999,1
0.999999999,1
0.999999999,1
0.999999999,1
0.999999999,1
0.999999999,1
0.999999999,1
0.999999999,1
0.999999999,1
0.999999999,1
0.999999999,1
0.999999999,1
0.999999999,1
0.999999999,1
0.999999999,1
0.999999999,1
0.999999999,1
0.999999999,1
0.999999999,1
0.999999999,1
0.999999999,1
0.999999999,1
0.999999999,1
0.999999999,1
0.999999999,1
0.999999999,1
0.999999999,1
0.999999999,1
0.999999999,1
0.999999999,1
0.999999999,1
0.999999999,1
0.999999999,1
0.999999999,1
0.999999999,1
0.999999999,1
0.999999999,1
0.999999999,1
0.999999999,1
0.999999999,1
0.999999999,1
0.999999999,1
0.999999999,1
0.999999999,1
0.999999999,1
0.999999999,1
0.999999999,1
1,1
1,1
1,1
0.999999999,1
0.999999999,1
1,1
0.999999999,1
0.999999999,1
0.999999999,1
1,1
1,1
1,1
1,1
0.999999999,1
0.999999999,1
0.999999999,1
0.999999999,1
0.999999999,1
0.999999999,1
0.999999999,1
0.999999999,1
1,1
1,1
1,1
1,1
0.999999999,1
0.999999999,1
0.999999999,1
0.999999999,1
0.999999999,1
0.999999999,1
0.999999999,1
0.999999999,1
0.999999999,1
0.999999999,1
0.999999999,1
0.999999999,1
0.999999999,1
0.999999999,1
0.999999999,1
0.999999999,1
0.999999999,1
0.999999999,1
0.999999999,1
0.999999999,1
0.999999999,1
0.999999999,1
0.999999999,1
0.999999999,1
0.999999999,1
0.999999999,1
0.999999999,1
0.999999999,1
0.999999999,1
1,1
1,1
1,1
1,1
1,1
1,1
0.999999999,1
0.999999999,1
0.999999999,1
1,1
1,1
0.999999999,1
0.999999999,1
1,1
1,1
1,1
1,1
1,1
0.999999999,1
0.999999999,1
1,1
1,1
1,1
1,1
1,1
1,1
0.999999999,1
0.999999999,1
0.999999999,1
0.999999999,1
1,1
1,1
0.999999999,1
0.999999999,1
1,1
1,1
0.999999999,1
0.999999999,1
0.999999999,1
1,1
1,1
1,1
1,1
1,1
1,1
1,1
1,1
1,1
1,1
0.999999981,1
1,1
0.999995654,1
0.999999825,1
1,1
0.999999999,1
1,1
1,1
1,1
1,1
1,1
1,1
1,1
1,1
1,1
1,1
1,1
1,1
1,1
1,1
1,1
1,1
1,1
0.999999996,1
0.999895881,1
0.999999967,1
1,1
1,1
1,1
1,1
1,1
1,1
1,1
1,1
1,1
1,1
1,1
1,1
1,1
1,1
1,1
1,1
1,1
1,1
1,1
1,1
1,1
0.999999999,1
0.999999999,1
0.999999999,1
1,1
1,1
1,1
1,1
1,1
1,1
1,1
1,1
1,1
1,1
1,1
1,1
1,1
1,1
1,1
1,1
1,1
0.999999671,1
0.999960162,1
0.999942041,1
1,1
1,1
1,1
1,1
1,1
1,1
0.999988915,1
0.999999898,1
1,1
1,1
1,1
1,1
1,1
1,1
1,1
0.999999999,1
0.999999999,1
1,1
1,1
1,1
1,1
1,1
1,1
1,1
1,1
1,1
1,1
1,1
1,1
1,1
1,1
1,1
1,1
1,1
1,1
1,1
1,1
1,1
1,1
1,1
1,1
1,1
1,1
1,1
1,1
1,1
1,1
1,1
1,1
1,1
1,1
1,1
1,1
1,1
1,1
1,1
1,1
1,1
1,1
0.999995727,1
0.999970159,1
1,1
1,1
1,1
1,1
1,1
1,1
1,1
1,1
1,1
1,1
0.999936036,1
0.999879932,1
0.999980324,1
1,1
1,1
1,1
1,1
1,1
1,1
1,1
1,1
1,1
1,1
1,1
1,1
0.999908794,1
0.999886418,1
0.999998806,1
0.999879634,1
0.999879386,1
0.999879386,1
0.999879386,1
0.999879386,1
0.999879386,1
0.999879386,1
0.999879442,1
0.99987946,1
0.999879386,1
0.999879389,1
0.999934069,1
0.99988376,1
0.999944474,1
1,1
0.999962294,1
0.999903226,1
0.999998146,1
1,1
1,1
1,1
1,1
1,1
1,1
1,1
1,1
1,1
1,1
0.999999999,1
0.999999999,1
0.999999999,1
0.999999999,1
0.999999999,1
0.999999999,1
0.999999999,1
0.999999999,1
0.999999999,1
0.999999999,1
0.999999999,1
1,1
1,1
1,1
1,1
1,1
1,1
0.999999227,1
0.999998387,1
0.999879462,1
0.999879386,1
0.999879386,1
0.999879386,1
0.999879386,1
0.999879386,1
0.999879386,1
0.999879386,1
0.999879386,1
0.999879386,1
0.999880212,1
0.999914151,1
0.999879398,1
0.999879386,1
0.999879506,1
0.999879523,1
0.999958618,1
1,1
0.999996119,1
0.999893473,1
0.999880972,1
0.999879462,1
0.999879399,1
0.999879386,1
0.999880241,1
1,1
1,1
1,1
0.999999999,1
0.999999999,1
0.999999999,1
1,1
1,1
1,1
0.999999999,1
0.999999999,1
1,1
1,1
1,1
1,1
0.999917543,1
0.999999701,1
1,1
1,1
1,1
1,1
1,1
1,1
1,1
1,1
1,1
1,1
1,1
0.99992031,1
1,1
1,1
1,1
1,1
1,1
0.999999999,1
0.999999999,1
0.999999999,1
0.999999999,1
1,1
1,1
1,1
1,1
0.999999999,1
0.999999999,1
0.999999999,1
0.999999999,1
0.999999999,1
0.999999999,1
0.999999999,1
0.999999999,1
0.999999999,1
0.999999999,1
0.999999999,1
0.999999999,1
0.999999999,1
0.999999999,1
0.999999999,1
0.999999999,1
0.999999999,1
0.999999999,1
0.999999999,1
0.999999999,1
1,1
1,1
0.999999998,1
1,1
0.999999999,1
0.999999999,1
0.999999994,1
0.999999999,1
0.999999999,1
0.999999999,1
0.999999994,1
1,1
0.999987785,1
0.999999992,1
0.999999998,1
0.999999992,1
1,1
1,1
0.999953265,1
0.999881311,1
1,1
0.999999999,1
0.999999999,1
0.999999999,1
0.999999999,1
0.999999999,1
0.999999999,1
0.999999999,1
0.999999999,1
0.999999999,1
0.999999999,1
0.999999999,1
0.999999999,1
0.999999999,1
0.999999999,1
0.999999999,1
0.999999999,1
0.999999999,1
0.999999997,1
0.999999999,1
0.999999999,1
0.999999999,1
0.999999999,1
0.999999999,1
0.999999999,1
0.999999999,1
0.999999995,1
1,1
0.999932744,1
0.999885333,1
0.999899305,1
0.999879681,1
0.999879386,1
0.999879386,1
0.999879386,1
0.999879391,1
0.999879386,1
0.999879386,1
0.999880337,1
0.999924419,1
0.999999602,1
0.999999988,1
0.999999992,1
1,1
0.999888948,1
0.999916498,1
0.999999993,1
0.999999999,1
0.999999999,1
0.999999999,1
0.999999999,1
0.999999999,1
0.999999999,1
0.999999999,1
0.999999999,1
0.999999999,1
0.999999999,1
0.999999999,1
0.999999999,1
0.999999999,1
0.999999999,1
0.999999999,1
0.999999999,1
0.999999999,1
0.999999999,1
0.999999999,1
0.999999999,1
0.999999999,1
0.999999999,1
0.999999999,1
0.999999999,1
0.999999999,1
1,1
0.999879513,1
0.999879386,1
0.999879386,1
0.999879386,1
0.999879386,1
0.999879386,1
0.999879386,1
0.999879386,1
0.999879386,1
0.999879386,1
0.999879386,1
0.999879386,1
0.999879386,1
0.999879386,1
0.999879386,1
0.999879386,1
0.999879386,1
0.999879386,1
0.999879386,1
0.999879386,1
0.999879386,1
0.999879386,1
0.999879386,1
0.999879386,1
0.999879386,1
0.999879386,1
0.999879386,1
0.999879386,1
0.999879386,1
0.999879386,1
0.999879386,1
0.999879386,1
0.999879386,1
0.999879386,1
0.999879386,1
0.999879386,1
0.999879386,1
0.999879386,1
0.999879386,1
0.999879386,1
0.999879386,1
0.999879386,1
0.999879386,1
0.999879386,1
0.999879386,1
0.999879386,1
0.999879386,1
0.999879386,1
0.999879386,1
0.999879386,1
0.999879386,1
0.999879386,1
0.999879386,1
0.999879386,1
0.999879386,1
0.999879386,1
0.999879386,1
0.999879386,1
0.999879404,1
0.999879834,1
0.999885722,1
0.999881236,1
0.999879391,1
0.999879386,1
0.999879387,1
0.999879387,1
0.999879386,1
0.99987945,1
0.999879387,1
0.999879386,1
0.999879386,1
0.999879386,1
0.999879386,1
0.999882528,1
0.999897168,1
0.999879521,1
0.999881098,1
0.99998068,1
0.999999853,1
0.99997925,1
1,1
0.999999239,1
1,1
1,1
1,1
1,1
1,1
1,1
1,1
1,1
1,1
0.999999999,1
0.999999999,1
0.999999999,1
0.999999999,1
0.999999999,1
0.999999999,1
0.999999999,1
0.999999999,1
0.999999999,1
0.999999999,1
0.999999999,1
0.999999999,1
0.999999999,1
0.999999999,1
0.999999999,1
0.999999999,1
0.999999999,1
0.999999999,1
0.999999999,1
0.999999999,1
0.999999999,1
0.999999999,1
0.999999999,1
0.999999999,1
0.999999999,1
0.999999999,1
0.999999999,1
0.999999999,1
0.999999999,1
0.999999999,1
0.999999999,1
0.999999999,1
0.999999999,1
0.999999999,1
0.999999999,1
0.999999999,1
0.999999999,1
0.999999999,1
0.999999999,1
0.999999999,1
0.999999999,1
0.999999999,1
0.999999999,1
0.999999999,1
0.999999999,1
0.999999999,1
0.999999999,1
0.999999999,1
0.999999999,1
0.999999999,1
0.999999999,1
0.999999999,1
0.999999999,1
0.999999999,1
0.999999999,1
0.999999999,1
0.999999999,1
0.999999999,1
0.999999999,1
0.999999999,1
0.999999999,1
0.999999999,1
0.999999999,1
0.999999999,1
0.999999999,1
0.999999999,1
0.999999999,1
0.999999999,1
0.999999999,1
0.999999999,1
0.999999999,1
0.999999999,1
0.999999999,1
0.999999999,1
0.999999999,1
0.999999999,1
0.999999999,1
0.999999999,1
0.999999999,1
0.999999999,1
0.999999999,1
0.999999999,1
0.999999999,1
0.999999999,1
0.999999999,1
0.999999999,1
0.999999999,1
1,1
0.999999998,1
0.999893217,1
0.999961577,1
1,1
0.999892473,1
0.999882048,1
0.999880044,1
0.999882853,1
0.999939755,1
0.999879414,1
0.999879389,1
0.999907998,1
0.999970856,1
0.999999998,1
1,1
1,1
1,1
1,1
1,1
0.999959038,1
1,1
1,1
1,1
1,1
1,1
1,1
1,1
1,1
1,1
1,1
1,1
1,1
1,1
1,1
1,1
1,1
1,1
1,1
1,1
0.999956459,1
1,1
0.99994484,1
0.999879387,1
0.999879386,1
0.999879386,1
0.999879386,1
0.999879386,1
0.999879386,1
0.999879386,1
0.999879386,1
0.999879386,1
0.999879386,1
0.999879386,1
0.999879386,1
0.999879386,1
0.999879386,1
0.999879386,1
0.999879386,1
0.999879386,1
0.999879386,1
0.999879386,1
0.999879386,1
0.999879386,1
0.999879386,1
0.999879386,1
0.999879386,1
0.999879386,1
0.999879386,1
0.999879386,1
0.999879386,1
0.999879386,1
0.999879386,1
0.999879386,1
0.999879386,1
0.999879386,1
0.999879386,1
0.999879386,1
0.999879386,1
0.999879386,1
0.999879386,1
0.999879386,1
0.999879386,1
0.999879386,1
0.999879386,1
0.999879386,1
0.999879386,1
0.999879386,1
0.999879386,1
0.999879386,1
0.999879386,1
0.999879386,1
0.999879386,1
0.999879386,1
0.999879386,1
0.999879386,1
0.999879386,1
0.999879386,1
0.999879386,1
0.999879386,1
0.999879386,1
0.999879386,1
0.999879386,1
0.999879386,1
0.999879386,1
0.999879386,1
0.999879386,1
0.999879386,1
0.999879386,1
0.999879386,1
0.999879386,1
0.999879386,1
0.999879386,1
0.999879386,1
0.999879386,1
0.999879386,1
0.999879386,1
0.999879386,1
0.999879386,1
0.999879386,1
0.999879386,1
0.999879386,1
0.999879386,1
0.999879386,1
0.999879386,1
0.999879386,1
0.999879386,1
0.999879386,1
0.999879386,1
0.999879386,1
0.999879388,1
0.999879386,1
0.999879386,1
0.999879386,1
0.999879386,1
0.999879388,1
0.999879389,1
0.999932128,1
1,1
0.999997974,1
1,1
1,1
1,1
1,1
1,1
1,1
1,1
1,1
0.999999999,1
0.999999999,1
1,1
1,1
1,1
1,1
1,1
0.999999999,1
0.999999999,1
0.999999999,1
0.999999999,1
0.999999999,1
0.999999999,1
0.999999999,1
0.999999999,1
0.999999999,1
0.999999999,1
0.999999999,1
0.999999999,1
0.999999999,1
0.999999999,1
0.999999999,1
1,1
1,1
0.999999999,1
0.999999999,1
0.999999999,1
0.999999999,1
0.999999999,1
0.999999999,1
0.999999999,1
0.999999999,1
0.999999999,1
0.999999999,1
0.999999999,1
0.999999999,1
0.999999999,1
0.999999999,1
0.999999999,1
0.999999999,1
0.999999999,1
0.999999999,1
0.999999999,1
0.999999999,1
0.999999999,1
0.999999999,1
0.999999999,1
0.999999999,1
0.999999999,1
0.999999999,1
0.999999999,1
0.999999999,1
0.999999999,1
0.999999999,1
0.999999999,1
0.999999999,1
0.999999999,1
0.999999999,1
0.999999999,1
1,1
1,1
1,1
1,1
1,1
1,1
1,1
0.999999999,1
0.999999999,1
0.999999999,1
0.999999999,1
0.999999999,1
0.999999999,1
0.999999999,1
0.999999999,1
0.999999999,1
1,1
1,1
1,1
1,1
1,1
1,1
1,1
1,1
1,1
0.999999999,1
0.999999999,1
1,1
1,1
1,1
1,1
1,1
1,1
1,1
1,1
1,1
1,1
1,1
1,1
1,1
1,1
1,1
1,1
1,1
1,1
0.999999999,1
0.999999999,1
0.999999999,1
0.999999999,1
0.999999999,1
1,1
1,1
1,1
0.999999999,1
0.999999999,1
0.999999999,1
0.999999999,1
0.999999999,1
0.999999999,1
0.999999999,1
0.999999999,1
1,1
1,1
1,1
1,1
1,1
1,1
1,1
1,1
1,1
1,1
1,1
1,1
1,1
1,1
1,1
1,1
1,1
1,1
1,1
1,1
1,1
1,1
1,1
1,1
1,1
1,1
1,1
1,1
0.999999849,1
1,1
1,1
0.999998822,1
0.999898168,1
0.999937383,1
0.999935853,1
0.999998144,1
0.999944023,1
1,1
1,1
0.999999992,1
0.999928205,1
0.999879397,1
0.9998794,1
0.999965502,1
1,1
1,1
0.999925495,1
1,1
1,1
1,1
1,1
1,1
1,1
1,1
1,1
1,1
1,1
1,1
1,1
1,1
1,1
1,1
1,1
1,1
1,1
1,1
1,1
1,1
1,1
1,1
1,1
1,1
1,1
1,1
1,1
1,1
1,1
1,1
1,1
1,1
1,1
0.999883805,1
0.99988567,1
1,1
1,1
1,1
1,1
1,1
1,1
1,1
1,1
1,1
1,1
1,1
1,1
1,1
0.999999997,1
0.999886155,1
0.999879402,1
0.99988912,1
1,1
1,1
1,1
1,1
1,1
1,1
1,1
1,1
1,1
1,1
1,1
1,1
1,1
1,1
1,1
1,1
1,1
1,1
1,1
1,1
1,1
1,1
1,1
1,1
1,1
1,1
1,1
1,1
1,1
1,1
0.999999999,1
1,1
1,1
1,1
1,1
1,1
0.999999999,1
1,1
1,1
1,1
1,1
1,1
1,1
1,1
1,1
1,1
1,1
1,1
1,1
1,1
1,1
1,1
0.999999999,1
0.999999999,1
1,1
1,1
1,1
0.999999999,1
0.999999999,1
0.999999999,1
0.999999999,1
0.999999999,1
0.999999999,1
0.999999999,1
0.999999999,1
0.999999999,1
0.999999999,1
0.999999999,1
0.999999999,1
0.999999999,1
0.999999999,1
0.999999999,1
0.999999999,1
0.999999999,1
0.999999999,1
0.999999999,1
0.999999999,1
0.999999999,1
0.999999999,1
0.999999999,1
0.999999999,1
0.999999999,1
0.999999999,1
0.999999999,1
0.999999999,1
0.999999999,1
1,1
1,1
0.999999999,1
0.999999999,1
0.999999999,1
0.999999999,1
0.999999999,1
0.999999999,1
0.999999999,1
1,1
1,1
1,1
1,1
1,1
1,1
1,1
1,1
1,1
1,1
1,1
1,1
1,1
0.999999999,1
0.999999999,1
0.999999999,1
0.999999999,1
0.999999999,1
0.999999999,1
0.999999999,1
0.999999999,1
0.999999999,1
0.999999999,1
0.999999999,1
0.999999999,1
0.999999999,1
0.999999999,1
0.999999999,1
0.999999999,1
0.999999999,1
0.999999999,1
0.999999999,1
0.999999999,1
0.999999999,1
0.999999999,1
0.999999999,1
0.999999999,1
0.999999999,1
0.999999999,1
0.999999999,1
0.999999999,1
0.999999999,1
0.999999999,1
0.999999999,1
0.999999999,1
0.999999999,1
0.999999999,1
0.999999999,1
0.999999999,1
0.999999999,1
0.999999999,1
0.999999999,1
0.999999999,1
0.999999999,1
0.999999999,1
0.999999999,1
0.999999999,1
0.999999999,1
0.999999999,1
0.999999999,1
0.999999999,1
0.999999999,1
0.999999999,1
0.999999999,1
0.999999999,1
0.999999999,1
0.999999999,1
0.999999999,1
0.999999999,1
0.999999999,1
0.999999999,1
0.999999999,1
0.999999999,1
0.999999999,1
0.999999999,1
0.999999999,1
0.999999999,1
0.999999999,1
0.999999999,1
0.999999999,1
0.999999999,1
0.999999999,1
0.999999999,1
0.999999999,1
0.999999999,1
0.999999999,1
0.999999999,1
0.999999999,1
0.999999999,1
0.999999999,1
0.999999999,1
0.999999999,1
0.999999999,1
0.999999999,1
0.999999999,1
0.999999999,1
0.999999999,1
0.999999999,1
0.999999999,1
0.999999999,1
0.999999999,1
0.999999999,1
0.999999999,1
0.999999999,1
0.999999999,1
0.999999999,1
0.999999999,1
0.999999999,1
0.999999999,1
0.999999999,1
0.999999999,1
0.999999999,1
0.999999999,1
0.999999999,1
0.999999999,1
0.999999999,1
0.999999999,1
0.999999999,1
0.999999999,1
0.999999999,1
0.999999999,1
0.999999999,1
0.999999999,1
0.999999999,1
0.999999999,1
0.999999999,1
0.999999999,1
0.999999999,1
0.999999999,1
0.999999999,1
0.999999999,1
0.999999999,1
0.999999999,1
0.999999999,1
0.999999999,1
0.999999999,1
0.999999999,1
0.999999999,1
0.999999999,1
0.999999999,1
0.999999999,1
0.999999999,1
0.999999999,1
0.999999999,1
0.999999999,1
0.999999999,1
0.999999999,1
0.999999999,1
0.999999999,1
0.999999999,1
0.999999999,1
0.999999999,1
0.999999999,1
0.999999999,1
0.999999999,1
0.999999999,1
0.999999999,1
0.999999999,1
0.999999999,1
0.999999999,1
0.999999999,1
0.999999999,1
0.999999999,1
0.999999999,1
0.999999999,1
0.999999999,1
0.999999999,1
0.999999999,1
0.999999999,1
0.999999999,1
0.999999999,1
0.999999999,1
0.999999999,1
0.999999999,1
0.999999999,1
0.999999999,1
0.999999999,1
0.999999999,1
0.999999999,1
0.999999999,1
0.999999999,1
0.999999999,1
0.999999999,1
0.999999999,1
0.999999999,1
0.999999999,1
0.999999999,1
0.999999999,1
0.999999999,1
0.999999999,1
0.999999999,1
0.999999999,1
0.999999999,1
0.999999999,1
0.999999999,1
0.999999999,1
0.999999999,1
0.999999999,1
0.999999999,1
0.999999999,1
0.999999999,1
0.999999999,1
0.999999999,1
0.999999999,1
0.999999999,1
0.999999999,1
0.999999999,1
0.999999999,1
1,1
0.999999999,1
1,1
1,1
0.999999999,1
0.999999999,1
0.999999999,1
0.999999999,1
0.999999999,1
0.999999999,1
0.999999999,1
0.999999999,1
0.999999999,1
0.999999999,1
1,1
1,1
1,1
1,1
1,1
1,1
0.999999999,1
0.999999999,1
1,1
1,1
1,1
1,1
1,1
1,1
1,1
0.999999999,1
0.999999999,1
0.999999999,1
0.999999999,1
0.999999999,1
0.999999999,1
0.999999999,1
0.999999999,1
0.999999999,1
0.999999999,1
0.999999999,1
0.999999999,1
0.999999999,1
0.999999999,1
0.999999999,1
0.999999999,1
0.999999999,1
0.999999999,1
0.999999999,1
0.999999999,1
0.999999999,1
0.999999999,1
0.999999999,1
1,1
1,1
1,1
1,1
1,1
1,1
1,1
1,1
1,1
1,1
1,1
0.999999999,1
0.999999999,1
0.999999999,1
0.999999999,1
0.999999999,1
0.999999999,1
0.999999999,1
0.999999999,1
0.999999999,1
0.999999999,1
0.999999999,1
0.999999999,1
0.999999999,1
0.999999999,1
0.999999999,1
0.999999999,1
0.999999999,1
0.999999999,1
0.999999999,1
0.999999999,1
0.999999999,1
0.999999999,1
0.999999999,1
0.999999999,1
0.999999999,1
0.999999999,1
0.999999999,1
0.999999999,1
1,1
1,1
1,1
1,1
1,1
1,1
1,1
1,1
1,1
1,1
1,1
1,1
1,1
1,1
1,1
1,1
1,1
1,1
1,1
1,1
1,1
1,1
0.999999999,1
0.999999999,1
1,1
1,1
1,1
1,1
1,1
1,1
1,1
1,1
1,1
1,1
1,1
1,1
1,1
1,1
0.999999999,1
0.999999999,1
1,1
1,1
1,1
1,1
1,1
1,1
1,1
1,1
0.999999956,1
0.999999973,1
1,1
1,1
1,1
1,1
1,1
1,1
1,1
1,1
1,1
1,1
1,1
1,1
0.999879736,1
0.999879386,1
0.999879495,1
0.999999955,1
0.999999198,1
0.999973147,1
0.999879461,1
0.999879386,1
0.999879396,1
0.999880283,1
0.999880964,1
0.99988034,1
0.999879386,1
0.999879386,1
0.999879386,1
0.999879386,1
0.999879386,1
0.999879386,1
0.999879391,1
0.99989539,1
0.999879424,1
0.999879392,1
0.999880058,1
0.99988086,1
0.999879399,1
0.999879386,1
0.999879386,1
0.999996957,1
1,1
1,1
1,1
1,1
1,1
0.999879562,1
0.999879422,1
0.999926567,1
0.999879429,1
0.999879396,1
0.999889385,1
1,1
1,1
1,1
1,1
1,1
1,1
1,1
1,1
1,1
1,1
1,1
1,1
1,1
0.999996246,1
0.99987949,1
0.999879388,1
0.999879779,1
0.99988016,1
0.999879445,1
0.999952039,1
1,1
1,1
1,1
1,1
1,1
1,1
1,1
1,1
1,1
1,1
1,1
1,1
1,1
1,1
1,1
1,1
1,1
1,1
1,1
1,1
1,1
1,1
1,1
1,1
1,1
1,1
1,1
1,1
1,1
1,1
1,1
1,1
0.999879447,1
0.999879386,1
0.999879386,1
0.999879386,1
0.999879386,1
0.999879386,1
0.999879386,1
0.999881901,1
1,1
0.999999996,1
1,1
1,1
1,1
1,1
1,1
1,1
1,1
1,1
1,1
1,1
1,1
1,1
1,1
1,1
1,1
1,1
1,1
1,1
1,1
1,1
1,1
1,1
1,1
1,1
1,1
1,1
1,1
1,1
1,1
1,1
1,1
1,1
1,1
1,1
1,1
1,1
1,1
1,1
1,1
1,1
1,1
1,1
1,1
0.999990901,1
1,1
1,1
1,1
1,1
0.999991472,1
1,1
1,1
0.999999991,1
1,1
1,1
1,1
1,1
1,1
1,1
1,1
1,1
1,1
1,1
1,1
1,1
1,1
1,1
1,1
1,1
1,1
1,1
1,1
1,1
1,1
1,1
1,1
1,1
1,1
1,1
1,1
1,1
1,1
1,1
1,1
1,1
1,1
1,1
1,1
0.999999991,1
1,1
1,1
1,1
1,1
1,1
1,1
1,1
1,1
1,1
1,1
1,1
1,1
1,1
1,1
1,1
1,1
1,1
1,1
1,1
1,1
1,1
1,1
1,1
1,1
1,1
1,1
1,1
1,1
1,1
1,1
1,1
1,1
1,1
1,1
1,1
1,1
1,1
1,1
1,1
1,1
1,1
1,1
1,1
1,1
1,1
1,1
1,1
0.999999999,1
0.999999999,1
0.999999999,1
0.999999999,1
0.999999999,1
0.999999999,1
0.999999999,1
1,1
1,1
0.999999999,1
0.999999999,1
1,1
1,1
1,1
1,1
1,1
1,1
1,1
1,1
1,1
1,1
1,1
1,1
1,1
1,1
1,1
1,1
1,1
1,1
1,1
1,1
1,1
1,1
1,1
1,1
1,1
1,1
1,1
1,1
1,1
1,1
1,1
1,1
1,1
1,1
1,1
1,1
1,1
1,1
1,1
1,1
1,1
1,1
1,1
1,1
1,1
1,1
1,1
1,1
1,1
1,1
1,1
1,1
1,1
1,1
1,1
1,1
1,1
1,1
1,1
1,1
1,1
1,1
1,1
1,1
1,1
1,1
1,1
1,1
1,1
1,1
1,1
1,1
1,1
1,1
1,1
1,1
0.999990279,1
0.999893063,1
0.999889538,1
0.999882438,1
0.999879431,1
0.999879386,1
0.999879386,1
0.999879386,1
0.999879386,1
0.999879386,1
0.999879386,1
0.999879386,1
0.999879386,1
0.999879386,1
0.999879386,1
0.999879386,1
0.999879388,1
0.999879417,1
0.999879477,1
0.99987943,1
0.999879386,1
0.999879386,1
0.99987939,1
0.999879388,1
0.999879443,1
0.999888541,1
0.999879575,1
0.999879403,1
0.999879387,1
0.999879386,1
0.999879386,1
0.999879386,1
0.999879386,1
0.999879386,1
0.999879386,1
0.999879386,1
0.999879386,1
0.999879386,1
0.999879386,1
0.999879386,1
0.999879386,1
0.999879386,1
0.999879386,1
0.999879386,1
0.999879386,1
0.999879386,1
0.999879386,1
0.999879386,1
0.999879386,1
0.999879386,1
0.999879386,1
0.999879386,1
0.999879386,1
0.999879386,1
0.999879386,1
0.999879386,1
0.999879386,1
0.999879386,1
0.999879386,1
0.999879386,1
0.999879386,1
0.999879386,1
0.999879386,1
0.999879386,1
0.999879386,1
0.999879386,1
0.999879386,1
0.999879386,1
0.999879386,1
0.999879386,1
0.999879386,1
0.999879386,1
0.999879386,1
0.999879386,1
0.999879386,1
0.999879386,1
0.999879386,1
0.999879386,1
0.999879386,1
0.999879386,1
0.999879386,1
0.999879386,1
0.999879386,1
0.999879386,1
0.999879386,1
0.999879386,1
0.999879386,1
0.999879386,1
0.999879386,1
0.999879386,1
0.999879386,1
0.999879386,1
0.999879386,1
0.999879386,1
0.999879386,1
0.999879386,1
0.999879386,1
0.999879386,1
0.999879386,1
0.999879386,1
0.999879386,1
0.999879386,1
0.999879386,1
0.999879386,1
0.999879386,1
0.999879386,1
0.999879386,1
0.999879386,1
0.999879386,1
0.999879386,1
0.999879386,1
0.999879386,1
0.999879386,1
0.999879386,1
0.999879386,1
0.999879386,1
0.999879386,1
0.999879386,1
0.999879386,1
0.999879386,1
0.999879386,1
0.999879386,1
0.999879386,1
0.999879386,1
0.999879386,1
0.999879386,1
0.999879386,1
0.999879386,1
0.999879386,1
0.999879386,1
0.999879386,1
0.999879386,1
0.999879386,1
0.999879386,1
0.999879386,1
0.999879386,1
0.999879386,1
0.999879386,1
0.999879386,1
0.999879386,1
0.999879386,1
0.999879386,1
0.999879386,1
0.999879386,1
