"VALUES","CLASS"
0.272777341267764,0
0.272777341267764,0
0.272777341267764,0
0.272777341267764,0
0.272777341267764,0
0.272777341267764,0
0.272777341267764,0
0.272777341267764,0
0.272777341267764,0
0.272777341267764,0
0.272777341267764,0
0.272777341267764,0
0.272777341267764,0
0.272777341267764,0
0.272777341267764,0
0.272777341267764,0
0.272777341267764,0
0.272777341267764,0
0.272777341267764,0
0.272777341267764,0
0.272777341267764,0
0.272777341267764,0
0.272777341267764,0
0.272777341267764,0
0.272777341267764,0
0.272777341267764,0
0.272777341267764,0
0.272777341267764,0
0.272777341267764,0
0.272777341267764,0
0.272777341267764,0
0.272777341267764,0
0.272777341267764,0
0.272777341267764,0
0.272777341267764,0
0.272777341267764,0
0.272777341267764,0
0.272777341267764,0
0.272777341267764,0
0.272777341267764,0
0.272777341267764,0
0.272777341267764,0
0.272777341267764,0
0.272777341267764,0
0.272777341267764,0
0.272777341267764,0
0.272777341267764,0
0.272777341267764,0
0.272777341267764,0
0.272777341267764,0
0.272777341267764,0
0.272777341267764,0
0.272777341267764,0
0.272777341267764,0
0.272777341267764,0
0.272777341267764,0
0.272777341267764,0
0.272777341267764,0
0.272777341267764,0
0.272777341267764,0
0.272777341267764,0
0.272777341267764,0
0.272777341267764,0
0.272777341267764,0
0.272777341267764,0
0.272777341267764,0
0.272777341267764,0
0.272777341267764,0
0.272777341267764,0
0.272777341267764,0
0.272777341267764,0
0.272777341267764,0
0.272777341267764,0
0.272777341267764,0
0.272777341267764,0
0.272777341267764,0
0.272777341267764,0
0.272777341267764,0
0.272777341267764,0
0.272777341267764,0
0.272777341267764,0
0.272777341267764,0
0.272777341267764,0
0.272777341267764,0
0.272777341267764,0
0.272777341267764,0
0.272777341267764,0
0.272777341267764,0
0.272777341267764,0
0.272777341267764,0
0.272777341267764,0
0.272777341267764,0
0.272777341267764,0
0.272777341267764,0
0.272777341267764,0
0.272777341267764,0
0.272777341267764,0
0.272777341267764,0
0.272777341267764,0
0.272777341267764,0
0.272777341267764,0
0.272777341267764,0
0.272777341267764,0
0.272777341267764,0
0.272777341267764,0
0.272777341267764,0
0.272777341267764,0
0.272777341267764,0
0.272777341267764,0
0.272777341267764,0
0.272777341267764,0
0.272777341267764,0
0.272777341267764,0
0.272777341267764,0
0.272777341267764,0
0.272777341267764,0
0.272777341267764,0
0.272777341267764,0
0.272777341267764,0
0.272777341267764,0
0.272777341267764,0
0.272777341267764,0
0.272777341267764,0
0.272777341267764,0
0.272777341267764,0
0.272777341267764,0
0.272777341267764,0
0.272777341267764,0
0.272777341267764,0
0.272777341267764,0
0.272777341267764,0
0.272777341267764,0
0.272777341267764,0
0.272777341267764,0
0.272777341267764,0
0.272777341267764,0
0.272777341267764,0
0.272777341267764,0
0.272777341267764,0
0.272777341267764,0
0.272777341267764,0
0.272777341267764,0
0.272777341267764,0
0.272777341267764,0
0.272777341267764,0
0.272777341267764,0
0.272777341267764,0
0.272777341267764,0
0.272777341267764,0
0.272777341267764,0
0.272777341267764,0
0.272777341267764,0
0.272777341267764,0
0.272777341267764,0
0.272777341267764,0
0.272777341267764,0
0.272777341267764,0
0.272777341267764,0
0.272777341267764,0
0.272777341267764,0
0.272777341267764,0
0.272777341267764,0
0.272777341267764,0
0.272777341267764,0
0.272777341267764,0
0.272777341267764,0
0.272777341267764,0
0.272777341267764,0
0.272777341267764,0
0.272777341267764,0
0.272777341267764,0
0.272777341267764,0
0.272777341267764,0
0.272777341267764,0
0.272777341267764,0
0.272777341267764,0
0.272777341267764,0
0.272777341267764,0
0.272777341267764,0
0.272777341267764,0
0.272777341267764,0
0.272777341267764,0
0.272777341267764,0
0.272777341267764,0
0.272777341267764,0
0.272777341267764,0
0.272777341267764,0
0.272777341267764,0
0.272777341267764,0
0.272777341267764,0
0.272777341267764,0
0.272777341267764,0
0.272777341267764,0
0.272777341267764,0
0.272777341267764,0
0.272777341267764,0
0.272777341267764,0
0.272777341267764,0
0.272777341267764,0
0.272777341267764,0
0.272777341267764,0
0.272777341267764,0
0.272777341267764,0
0.272777341267764,0
0.272777341267764,0
0.272777341267764,0
0.272777341267764,0
0.272777341267764,0
0.272777341267764,0
0.272777341267764,0
0.272777341267764,0
0.272777341267764,0
0.272777341267764,0
0.272777341267764,0
0.272777341267764,0
0.272777341267764,0
0.272777341267764,0
0.272777341267764,0
0.272777341267764,0
0.272777341267764,0
0.272777341267764,0
0.272777341267764,0
0.272777341267764,0
0.272777341267764,0
0.272777341267764,0
0.272777341267764,0
0.272777341267764,0
0.272777341267764,0
0.272777341267764,0
0.272777341267764,0
0.272777341267764,0
0.272777341267764,0
0.272777341267764,0
0.272777341267764,0
0.272777341267764,0
0.272777341267764,0
0.272777341267764,0
0.272777341267764,0
0.272777341267764,0
0.272777341267764,0
0.272777341267764,0
0.272777341267764,0
0.272777341267764,0
0.272777341267764,0
0.272777341267764,0
0.272777341267764,0
0.272777341267764,0
0.272777341267764,0
0.272777341267764,0
0.272777341267764,0
0.272777341267764,0
0.272777341267764,0
0.272777341267764,0
0.272777341267764,0
0.272777341267764,0
0.272777341267764,0
0.272777341267764,0
0.272777341267764,0
0.272777341267764,0
0.272777341267764,0
0.272777341267764,0
0.272777341267764,0
0.272777341267764,0
0.272777341267764,0
0.272777341267764,0
0.272777341267764,0
0.272777341267764,0
0.272777341267764,0
0.272777341267764,0
0.272777341267764,0
0.272777341267764,0
0.272777341267764,0
0.272777341267764,0
0.272777341267764,0
0.272777341267764,0
0.272777341267764,0
0.272777341267764,0
0.272777341267764,0
0.272777341267764,0
0.272777341267764,0
0.272777341267764,0
0.272777341267764,0
0.272777341267764,0
0.272777341267764,0
0.272777341267764,0
0.272777341267764,0
0.272777341267764,0
0.272777341267764,0
0.272777341267764,0
0.272777341267764,0
0.272777341267764,0
0.272777341267764,0
0.272777341267764,0
0.272777341267764,0
0.272777341267764,0
0.272777341267764,0
0.272777341267764,0
0.272777341267764,0
0.272777341267764,0
0.272777341267764,0
0.272777341267764,0
0.272777341267764,0
0.272777341267764,0
0.272777341267764,0
0.272777341267764,0
0.272777341267764,0
0.272777341267764,0
0.272777341267764,0
0.272777341267764,0
0.272777341267764,0
0.272777341267764,0
0.272777341267764,0
0.272777341267764,0
0.272777341267764,0
0.272777341267764,0
0.272777341267764,0
0.272777341267764,0
0.272777341267764,0
0.272777341267764,0
0.272777341267764,0
0.272777341267764,0
0.272777341267764,0
0.272777341267764,0
0.272777341267764,0
0.272777341267764,0
0.272777341267764,0
0.272777341267764,0
0.272777341267764,0
0.272777341267764,0
0.272777341267764,0
0.272777341267764,0
0.272777341267764,0
0.272777341267764,0
0.272777341267764,0
0.272777341267764,0
0.272777341267764,0
0.272777341267764,0
0.272777341267764,0
0.272777341267764,0
0.272777341267764,0
0.272777341267764,0
0.272777341267764,0
0.272777341267764,0
0.272777341267764,0
0.272777341267764,0
0.272777341267764,0
0.272777341267764,0
0.272777341267764,0
0.272777341267764,0
0.272777341267764,0
0.272777341267764,0
0.272777341267764,0
0.272777341267764,0
0.272777341267764,0
0.272777341267764,0
0.272777341267764,0
0.272777341267764,0
0.272777341267764,0
0.272777341267764,0
0.272777341267764,0
0.272777341267764,0
0.272777341267764,0
0.272777341267764,0
0.272777341267764,0
0.272777341267764,0
0.272777341267764,0
0.272777341267764,0
0.272777341267764,0
0.272777341267764,0
0.272777341267764,0
0.272777341267764,0
0.272777341267764,0
0.272777341267764,0
0.272777341267764,0
0.272777341267764,0
0.272777341267764,0
0.272777341267764,0
0.272777341267764,0
0.272777341267764,0
0.272777341267764,0
0.272777341267764,0
0.272777341267764,0
0.272777341267764,0
0.272777341267764,0
0.272777341267764,0
0.272777341267764,0
0.272777341267764,0
0.272777341267764,0
0.272777341267764,0
0.272777341267764,0
0.272777341267764,0
0.272777341267764,0
0.272777341267764,0
0.272777341267764,0
0.272777341267764,0
0.272777341267764,0
0.272777341267764,0
0.272777341267764,0
0.272777341267764,0
0.272777341267764,0
0.272777341267764,0
0.272777341267764,0
0.272777341267764,0
0.272777341267764,0
0.272777341267764,0
0.272777341267764,0
0.272777341267764,0
0.272777341267764,0
0.272777341267764,0
0.272777341267764,0
0.272777341267764,0
0.272777341267764,0
0.272777341267764,0
0.272777341267764,0
0.272777341267764,0
0.272777341267764,0
0.272777341267764,0
0.272777341267764,0
0.272777341267764,0
0.272777341267764,0
0.272777341267764,0
0.272777341267764,0
0.272777341267764,0
0.272777341267764,0
0.272777341267764,0
0.272777341267764,0
0.272777341267764,0
0.272777341267764,0
0.272777341267764,0
0.272777341267764,0
0.272777341267764,0
0.272777341267764,0
0.272777341267764,0
0.272777341267764,0
0.272777341267764,0
0.272777341267764,0
0.272777341267764,0
0.272777341267764,0
0.272777341267764,0
0.272777341267764,0
0.272777341267764,0
0.272777341267764,0
0.272777341267764,0
0.272777341267764,0
0.272777341267764,0
0.272777341267764,0
0.272777341267764,0
0.272777341267764,0
0.272777341267764,0
0.272777341267764,0
0.272777341267764,0
0.272777341267764,0
0.272777341267764,0
0.272777341267764,0
0.272777341267764,0
0.272777341267764,0
0.272777341267764,0
0.272777341267764,0
0.272777341267764,0
0.272777341267764,0
0.272777341267764,0
0.272777341267764,0
0.272777341267764,0
0.272777341267764,0
0.272777341267764,0
0.272777341267764,0
0.272777341267764,0
0.272777341267764,0
0.272777341267764,0
0.272777341267764,0
0.272777341267764,0
0.272777341267764,0
0.272777341267764,0
0.272777341267764,0
0.272777341267764,0
0.272777341267764,0
0.272777341267764,0
0.272777341267764,0
0.272777341267764,0
0.272777341267764,0
0.272777341267764,0
0.272777341267764,0
0.272777341267764,0
0.272777341267764,0
0.272777341267764,0
0.272777341267764,0
0.272777341267764,0
0.272777341267764,0
0.272777341267764,0
0.272777341267764,0
0.272777341267764,0
0.272777341267764,0
0.272777341267764,0
0.272777341267764,0
0.272777341267764,0
0.272777341267764,0
0.272777341267764,0
0.272777341267764,0
0.272777341267764,0
0.272777341267764,0
0.272777341267764,0
0.272777341267764,0
0.272777341267764,0
0.272777341267764,0
0.272777341267764,0
0.272777341267764,0
0.272777341267764,0
0.272777341267764,0
0.272777341267764,0
0.272777341267764,0
0.272777341267764,0
0.272777341267764,0
0.272777341267764,0
0.272777341267764,0
0.272777341267764,0
0.272777341267764,0
0.272777341267764,0
0.272777341267764,0
0.272777341267764,0
0.272777341267764,0
0.272777341267764,0
0.272777341267764,0
0.272777341267764,0
0.272777341267764,0
0.272777341267764,0
0.272777341267764,0
0.272777341267764,0
0.272777341267764,0
0.272777341267764,0
0.272777341267764,0
0.272777341267764,0
0.272777341267764,0
0.272777341267764,0
0.272777341267764,0
0.272777341267764,0
0.272777341267764,0
0.272777341267764,0
0.272777341267764,0
0.272777341267764,0
0.272777341267764,0
0.272777341267764,0
0.272777341267764,0
0.272777341267764,0
0.272777341267764,0
0.272777341267764,0
0.272777341267764,0
0.272777341267764,0
0.272777341267764,0
0.272777341267764,0
0.272777341267764,0
0.272777341267764,0
0.272777341267764,0
0.272777341267764,0
0.272777341267764,0
0.272777341267764,0
0.272777341267764,0
0.272777341267764,0
0.272777341267764,0
0.272777341267764,0
0.272777341267764,0
0.272777341267764,0
0.272777341267764,0
0.272777341267764,0
0.272777341267764,0
0.272777341267764,0
0.272777341267764,0
0.272777341267764,0
0.272777341267764,0
0.272777341267764,0
0.272777341267764,0
0.272777341267764,0
0.272777341267764,0
0.272777341267764,0
0.272777341267764,0
0.272777341267764,0
0.272777341267764,0
0.272777341267764,0
0.272777341267764,0
0.272777341267764,0
0.272777341267764,0
0.272777341267764,0
0.272777341267764,0
0.272777341267764,0
0.272777341267764,0
0.272777341267764,0
0.272777341267764,0
0.272777341267764,0
0.272777341267764,0
0.272777341267764,0
0.272777341267764,0
0.272777341267764,0
0.272777341267764,0
0.272777341267764,0
0.272777341267764,0
0.272777341267764,0
0.272777341267764,0
0.272777341267764,0
0.272777341267764,0
0.272777341267764,0
0.272777341267764,0
0.272777341267764,0
0.272777341267764,0
0.272777341267764,0
0.272777341267764,0
0.272777341267764,0
0.272777341267764,0
0.272777341267764,0
0.272777341267764,0
0.272777341267764,0
0.272777341267764,0
0.272777341267764,0
0.272777341267764,0
0.272777341267764,0
0.272777341267764,0
0.272777341267764,0
0.272777341267764,0
0.272777341267764,0
0.272777341267764,0
0.272777341267764,0
0.272777341267764,0
0.272777341267764,0
0.272777341267764,0
0.272777341267764,0
0.272777341267764,0
0.272777341267764,0
0.272777341267764,0
0.272777341267764,0
0.272777341267764,0
0.272777341267764,0
0.272777341267764,0
0.272777341267764,0
0.272777341267764,0
0.272777341267764,0
0.272777341267764,0
0.272777341267764,0
0.272777341267764,0
0.272777341267764,0
0.272777341267764,0
0.272777341267764,0
0.272777341267764,0
0.272777341267764,0
0.272777341267764,0
0.272777341267764,0
0.272777341267764,0
0.272777341267764,0
0.272777341267764,0
0.272777341267764,0
0.272777341267764,0
0.272777341267764,0
0.272777341267764,0
0.272777341267764,0
0.272777341267764,0
0.272777341267764,0
0.272777341267764,0
0.272777341267764,0
0.272777341267764,0
0.272777341267764,0
0.272777341267764,0
0.272777341267764,0
0.272777341267764,0
0.272777341267764,0
0.272777341267764,0
0.272777341267764,0
0.272777341267764,0
0.272777341267764,0
0.272777341267764,0
0.272777341267764,0
0.272777341267764,0
0.272777341267764,0
0.272777341267764,0
0.272777341267764,0
0.272777341267764,0
0.272777341267764,0
0.272777341267764,0
0.272777341267764,0
0.272777341267764,0
0.272777341267764,0
0.272777341267764,0
0.272777341267764,0
0.272777341267764,0
0.272777341267764,0
0.272777341267764,0
0.272777341267764,0
0.272777341267764,0
0.272777341267764,0
0.272777341267764,0
0.272777341267764,0
0.272777341267764,0
0.272777341267764,0
0.272777341267764,0
0.272777341267764,0
0.272777341267764,0
0.272777341267764,0
0.272777341267764,0
0.272777341267764,0
0.272777341267764,0
0.272777341267764,0
0.272777341267764,0
0.272777341267764,0
0.272777341267764,0
0.272777341267764,0
0.272777341267764,0
0.272777341267764,0
0.272777341267764,0
0.272777341267764,0
0.272777341267764,0
0.272777341267764,0
0.272777341267764,0
0.272777341267764,0
0.272777341267764,0
0.272777341267764,0
0.272777341267764,0
0.272777341267764,0
0.272777341267764,0
0.272777341267764,0
0.272777341267764,0
0.272777341267764,0
0.272777341267764,0
0.272777341267764,0
0.272777341267764,0
0.272777341267764,0
0.272777341267764,0
0.272777341267764,0
0.272777341267764,0
0.272777341267764,0
0.272777341267764,0
0.272777341267764,0
0.272777341267764,0
0.272777341267764,0
0.272777341267764,0
0.272777341267764,0
0.272777341267764,0
0.272777341267764,0
0.272777341267764,0
0.272777341267764,0
0.272777341267764,0
0.272777341267764,0
0.272777341267764,0
0.272777341267764,0
0.272777341267764,0
0.272777341267764,0
0.272777341267764,0
0.272777341267764,0
0.272777341267764,0
0.272777341267764,0
0.272777341267764,0
0.272777341267764,0
0.272777341267764,0
0.272777341267764,0
0.272777341267764,0
0.272777341267764,0
0.272777341267764,0
0.272777341267764,0
0.272777341267764,0
0.272777341267764,0
0.272777341267764,0
0.272777341267764,0
0.272777341267764,0
0.272777341267764,0
0.272777341267764,0
0.272777341267764,0
0.272777341267764,0
0.272777341267764,0
0.272777341267764,0
0.272777341267764,0
0.272777341267764,0
0.272777341267764,0
0.272777341267764,0
0.272777341267764,0
0.272777341267764,0
0.272777341267764,0
0.272777341267764,0
0.272777341267764,0
0.272777341267764,0
0.272777341267764,0
0.272777341267764,0
0.272777341267764,0
0.272777341267764,0
0.272777341267764,0
0.272777341267764,0
0.272777341267764,0
0.272777341267764,0
0.272777341267764,0
0.272777341267764,0
0.272777341267764,0
0.272777341267764,0
0.272777341267764,0
0.272777341267764,0
0.272777341267764,0
0.272777341267764,0
0.272777341267764,0
0.272777341267764,0
0.272777341267764,0
0.272777341267764,0
0.272777341267764,0
0.272777341267764,0
0.272777341267764,0
0.272777341267764,0
0.272777341267764,0
0.272777341267764,0
0.272777341267764,0
0.272777341267764,0
0.272777341267764,0
0.272777341267764,0
0.272777341267764,0
0.272777341267764,0
0.272777341267764,0
0.272777341267764,0
0.272777341267764,0
0.272777341267764,0
0.272777341267764,0
0.272777341267764,0
0.272777341267764,0
0.272777341267764,0
0.272777341267764,0
0.272777341267764,0
0.272777341267764,0
0.272777341267764,0
0.272777341267764,0
0.272777341267764,0
0.272777341267764,0
0.272777341267764,0
0.272777341267764,0
0.272777341267764,0
0.272777341267764,0
0.272777341267764,0
0.272777341267764,0
0.272777341267764,0
0.272777341267764,0
0.272777341267764,0
0.272777341267764,0
0.272777341267764,0
0.272777341267764,0
0.272777341267764,0
0.272777341267764,0
0.272777341267764,0
0.272777341267764,0
0.272777341267764,0
0.272777341267764,0
0.272777341267764,0
0.272777341267764,0
0.272777341267764,0
0.272777341267764,0
0.272777341267764,0
0.272777341267764,0
0.272777341267764,0
0.272777341267764,0
0.272777341267764,0
0.272777341267764,0
0.272777341267764,0
0.272777341267764,0
0.272777341267764,0
0.272777341267764,0
0.272777341267764,0
0.272777341267764,0
0.272777341267764,0
0.272777341267764,0
0.272777341267764,0
0.272777341267764,0
0.272777341267764,0
0.272777341267764,0
0.272777341267764,0
0.272777341267764,0
0.272777341267764,0
0.272777341267764,0
0.272777341267764,0
0.272777341267764,0
0.272777341267764,0
0.272777341267764,0
0.272777341267764,0
0.272777341267764,0
0.272777341267764,0
0.272777341267764,0
0.272777341267764,0
0.272777341267764,0
0.272777341267764,0
0.272777341267764,0
0.272777341267764,0
0.272777341267763,0
0.272777341267738,0
0.272777341267434,0
0.272777341267712,0
0.272777341267754,0
0.272777341267764,0
0.272777341267764,0
0.272777341267764,0
0.272777341267764,0
0.272777341267764,0
0.272777341267764,0
0.272777341267764,0
0.272777341267764,0
0.272777341267764,0
0.272777341267764,0
0.272777341267764,0
0.272777341267764,0
0.27277734126775,0
0.272777341267726,0
0.272777341268074,0
0.272777341267764,0
0.272777341267764,0
0.272777341267763,0
0.272777341267761,0
0.272777341267764,0
0.272777341267764,0
0.272777341267764,0
0.272777341267764,0
0.272777341267764,0
0.272777341267764,0
0.272777341267764,0
0.272777341267764,0
0.272777341267764,0
0.272777341267764,0
0.272777341267764,0
0.272777341267764,0
0.272777341267764,0
0.272777341267764,0
0.272777341267764,0
0.272777341267764,0
0.272777341267764,0
0.272777341267764,0
0.272777341267764,0
0.272777341267764,0
0.272777341267764,0
0.272777341267764,0
0.272777341267764,0
0.272777341267764,0
0.272777341267764,0
0.272777341267764,0
0.272777341267764,0
0.272777341267764,0
0.272777341267764,0
0.272777341267764,0
0.272777341267764,0
0.272777341267764,0
0.272777341267764,0
0.272777341267764,0
0.272777341267764,0
0.272777341267764,0
0.272777341267764,0
0.272777341267764,0
0.272777341267764,0
0.272777341267764,0
0.272777341267764,0
0.272777341267764,0
0.272777341267764,0
0.272777341267764,0
0.272777341267764,0
0.272777341267764,0
0.272777341267764,0
0.272777341267764,0
0.272777341267764,0
0.272777341267764,0
0.272777341267764,0
0.272777341267764,0
0.272777341267764,0
0.272777341267764,0
0.272777341267764,0
0.272777341267764,0
0.272777341267764,0
0.272777341267764,0
0.272777341267764,0
0.272777341267764,0
0.272777341267764,0
0.272777341267764,0
0.272777341267764,0
0.272777341267764,0
0.272777341267764,0
0.272777341267764,0
0.272777341267764,0
0.272777341267764,0
0.272777341267764,0
0.272777341267764,0
0.272777341267764,0
0.272777341267764,0
0.272777341267764,0
0.272777341267764,0
0.272777341267764,0
0.272777341267764,0
0.272777341267764,0
0.272777341267764,0
0.272777341267764,0
0.272777341267764,0
0.272777341267764,0
0.272777341267764,0
0.272777341267764,0
0.272777341267764,0
0.272777341267764,0
0.272777341267764,0
0.272777341267764,0
0.272777341267764,0
0.272777341267764,0
0.272777341267764,0
0.272777341267764,0
0.272777341267764,0
0.272777341267764,0
0.272777341267764,0
0.272777341267764,0
0.272777341267764,0
0.272777341267764,0
0.272777341267764,0
0.272777341267764,0
0.272777341267764,0
0.272777341267764,0
0.272777341267764,0
0.272777341267764,0
0.272777341267764,0
0.272777341267764,0
0.272777341267764,0
0.272777341267764,0
0.272777341267764,0
0.272777341267764,0
0.272777341267764,0
0.272777341267764,0
0.272777341267764,0
0.272777341267764,0
0.272777341267764,0
0.272777341267764,0
0.272777341267764,0
0.272777341267764,0
0.272777341267764,0
0.272777341267764,0
0.272777341267764,0
0.272777341267764,0
0.272777341267764,0
0.272777341267764,0
0.272777341267764,0
0.272777341267764,0
0.272777341267764,0
0.272777341267764,0
0.272777341267764,0
0.272777341267764,0
0.272777341267764,0
0.272777341267764,0
0.272777341267764,0
0.272777341267764,0
0.272777341267764,0
0.272777341267764,0
0.272777341267764,0
0.272777341267764,0
0.272777341267764,0
0.272777341267764,0
0.272777341267764,0
0.272777341267764,0
0.272777341267764,0
0.272777341267764,0
0.272777341267764,0
0.272777341267764,0
0.272777341267764,0
0.272777341267764,0
0.272777341267764,0
0.272777341267764,0
0.272777341267764,0
0.272777341267764,0
0.272777341267764,0
0.272777341267764,0
0.272777341267764,0
0.272777341267764,0
0.272777341267764,0
0.272777341267764,0
0.272777341267764,0
0.272777341267764,0
0.272777341267764,0
0.272777341267764,0
0.272777341267764,0
0.272777341267764,0
0.272777341267764,0
0.272777341267764,0
0.272777341267764,0
0.272777341267764,0
0.272777341267764,0
0.272777341267764,0
0.272777341267764,0
0.272777341267764,0
0.272777341267764,0
0.272777341267764,0
0.272777341267764,0
0.272777341267764,0
0.272777341267764,0
0.272777341267764,0
0.272777341267764,0
0.272777341267764,0
0.272777341267764,0
0.272777341267764,0
0.272777341267764,0
0.272777341267764,0
0.272777341267764,0
0.272777341267764,0
0.272777341267764,0
0.272777341267764,0
0.272777341267764,0
0.272777341267764,0
0.272777341267764,0
0.272777341267764,0
0.272777341267764,0
0.272777341267764,0
0.272777341267764,0
0.272777341267764,0
0.272777341267764,0
0.272777341267764,0
0.272777341267764,0
0.272777341267764,0
0.272777341267764,0
0.272777341267764,0
0.272777341267764,0
0.272777341267764,0
0.272777341267764,0
0.272777341267764,0
0.272777341267764,0
0.272777341267764,0
0.272777341267764,0
0.272777341267764,0
0.272777341267764,0
0.272777341267764,0
0.272777341267764,0
0.272777341267764,0
0.272777341267764,0
0.272777341267764,0
0.272777341267764,0
0.272777341267764,0
0.272777341267764,0
0.272777341267764,0
0.272777341267764,0
0.272777341267764,0
0.272777341267764,0
0.272777341267764,0
0.272777341267764,0
0.272777341267764,0
0.272777341267764,0
0.272777341267764,0
0.272777341267764,0
0.272777341267764,0
0.272777341267764,0
0.272777341267764,0
0.272777341267764,0
0.272777341267764,0
0.272777341267764,0
0.272777341267764,0
0.272777341267764,0
0.272777341267764,0
0.272777341267764,0
0.272777341267764,0
0.272777341267764,0
0.272777341267764,0
0.272777341267764,0
0.272777341267764,0
0.272777341267764,0
0.272777341267764,0
0.272777341267764,0
0.272777341267764,0
0.272777341267764,0
0.272777341267764,0
0.272777341267764,0
0.272777341267764,0
0.272777341267764,0
0.272777341267764,0
0.272777341267764,0
0.272777341267764,0
0.272777341267764,0
0.272777341267764,0
0.272777341267764,0
0.272777341267764,0
0.272777341267764,0
0.272777341267764,0
0.272777341267764,0
0.272777341267764,0
0.272777341267764,0
0.272777341267764,0
0.272777341267764,0
0.272777341267764,0
0.272777341267764,0
0.272777341267764,0
0.272777341267764,0
0.272777341267764,0
0.272777341267764,0
0.272777341267764,0
0.272777341267764,0
0.272777341267764,0
0.272777341267764,0
0.272777341267764,0
0.272777341267764,0
0.272777341267764,0
0.272777341267764,0
0.272777341267764,0
0.272777341267764,0
0.272777341267764,0
0.272777341267764,0
0.272777341267764,0
0.272777341267764,0
0.272777341267764,0
0.272777341267764,0
0.272777341267764,0
0.272777341267764,0
0.272777341267764,0
0.272777341267764,0
0.272777341267764,0
0.272777341267764,0
0.272777341267764,0
0.272777341267764,0
0.272777341267764,0
0.272777341267764,0
0.272777341267764,0
0.272777341267764,0
0.272777341267764,0
0.272777341267764,0
0.272777341267764,0
0.272777341267764,0
0.272777341267764,0
0.272777341267764,0
0.272777341267764,0
0.272777341267764,0
0.272777341267764,0
0.272777341267764,0
0.272777341267764,0
0.272777341267764,0
0.272777341267764,0
0.272777341267764,0
0.272777341267764,0
0.272777341267764,0
0.272777341267764,0
0.272777341267764,0
0.272777341267764,0
0.272777341267764,0
0.272777341267764,0
0.272777341267764,0
0.272777341267764,0
0.272777341267764,0
0.272777341267764,0
0.272777341267764,0
0.272777341267764,0
0.272777341267764,0
0.272777341267764,0
0.272777341267764,0
0.272777341267764,0
0.272777341267764,0
0.272777341267764,0
0.272777341267764,0
0.272777341267764,0
0.272777341267764,0
0.272777341267764,0
0.272777341267764,0
0.272777341267764,0
0.272777341267764,0
0.272777341267764,0
0.272777341267764,0
0.272777341267764,0
0.272777341267764,0
0.272777341267764,0
0.272777341267764,0
0.272777341267764,0
0.272777341267764,0
0.272777341267764,0
0.272777341267764,0
0.272777341267764,0
0.272777341267764,0
0.272777341267764,0
0.272777341267764,0
0.272777341267764,0
0.272777341267764,0
0.272777341267764,0
0.272777341267764,0
0.272777341267764,0
0.272777341267764,0
0.272777341267764,0
0.272777341267764,0
0.272777341267764,0
0.272777341267764,0
0.272777341267764,0
0.272777341267764,0
0.272777341267764,0
0.272777341267764,0
0.272777341267764,0
0.272777341267764,0
0.272777341267764,0
0.272777341267764,0
0.272777341267764,0
0.272777341267764,0
0.272777341267764,0
0.272777341267764,0
0.272777341267764,0
0.272777341267764,0
0.272777341267764,0
0.272777341267764,0
0.272777341267764,0
0.272777341267764,0
0.272777341267764,0
0.272777341267764,0
0.272777341267764,0
0.272777341267764,0
0.272777341267764,0
0.272777341267764,0
0.272777341267764,0
0.272777341267764,0
0.272777341267764,0
0.272777341267764,0
0.272777341267764,0
0.272777341267764,0
0.272777341267764,0
0.272777341267764,0
0.272777341267764,0
0.272777341267764,0
0.272777341267764,0
0.272777341267764,0
0.272777341267764,0
0.272777341267764,0
0.272777341267764,0
0.272777341267764,0
0.272777341267764,0
0.272777341267764,0
0.272777341267764,0
0.272777341267764,0
0.272777341267764,0
0.272777341267764,0
0.272777341267764,0
0.272777341267764,0
0.272777341267764,0
0.272777341267764,0
0.272777341267764,0
0.272777341267764,0
0.272777341267764,0
0.272777341267764,0
0.272777341267764,0
0.272777341267764,0
0.272777341267764,0
0.272777341267764,0
0.272777341267764,0
0.272777341267764,0
0.272777341267764,0
0.272777341267764,0
0.272777341267764,0
0.272777341267764,0
0.272777341267764,0
0.272777341267764,0
0.272777341267764,0
0.272777341267764,0
0.272777341267764,0
0.272777341267764,0
0.272777341267764,0
0.272777341267764,0
0.272777341267764,0
0.272777341267764,0
0.272777341267764,0
0.272777341267764,0
0.272777341267764,0
0.272777341267764,0
0.272777341267764,0
0.272777341267764,0
0.272777341267764,0
0.272777341267764,0
0.272777341267764,0
0.272777341267764,0
0.272777341267764,0
0.272777341267764,0
0.272777341267764,0
0.272777341267764,0
0.272777341267764,0
0.272777341267764,0
0.272777341267764,0
0.272777341267764,0
0.272777341267764,0
0.272777341267764,0
0.272777341267764,0
0.272777341267764,0
0.272777341267764,0
0.272777341267764,0
0.272777341267764,0
0.272777341267764,0
0.272777341267764,0
0.272777341267764,0
0.272777341267764,0
0.272777341267764,0
0.272777341268882,0
0.272777343042518,0
0.272777364357038,0
0.272777341272052,0
0.272777341267766,0
0.272777341269889,0
0.272777352264764,0
0.272777368749493,0
0.272777346953799,0
0.272777456502437,0
0.272777341278505,0
0.272777341267764,0
0.272777341267764,0
0.272777341267764,0
0.272777341267764,0
0.272777341267764,0
0.272777341267764,0
0.272777341267764,0
0.272777341267765,0
0.27277734126977,0
0.272777343279605,0
0.272777342845864,0
0.272777341281307,0
0.272777341267769,0
0.272777341267764,0
0.272777341267764,0
0.272777341267783,0
0.272777341267766,0
0.272777341267764,0
0.272777341267764,0
0.272777341267764,0
0.272777341267764,0
0.272777341267847,0
0.272777341268814,0
0.272777341267879,0
0.272777343097682,0
0.272777803467441,0
0.272777341342951,0
0.272777341270154,0
0.272777341267914,0
0.272777341267783,0
0.272777341267796,0
0.272777341267808,0
0.272777341274442,0
0.272777341277391,0
0.272777341274395,0
0.272777341269491,0
0.272777341267764,0
0.272777341267764,0
0.272777341267764,0
0.272777341267764,0
0.272777341267764,0
0.272777341267766,0
0.272777341267937,0
0.272777341270551,0
0.27277734244886,0
0.273706601520763,0
0.368323197249458,0
0.272817412048013,0
0.27277776798044,0
0.272785516734503,0
0.273509707106668,0
0.276659532775177,0
0.681118243883376,0
0.399112245586859,0
0.332501219173948,0
0.999999976211876,0
0.999999991651474,0
0.999999991651616,0
0.99999999165148,0
0.999999991516525,0
0.999998739248472,0
0.999999991566443,0
0.999999991588312,0
0.99999990038568,0
0.275690466338968,0
0.282968774716236,0
0.608406380620611,0
0.999999969787825,0
0.999999985542603,0
0.999894458998961,0
0.272787223806105,0
0.272777448009866,0
0.272777500766872,0
0.272777342886089,0
0.272777348673949,0
0.272786592917777,0
0.273371637621134,0
0.27445904719835,0
0.272888973778299,0
0.273305723400873,0
0.272787595444172,0
0.272777763726135,0
0.272777357071976,0
0.272777343450149,0
0.272778279338077,0
0.272850075914118,0
0.272851699229453,0
0.273279609918221,0
0.273917866764152,0
0.999311542683434,0
1,0
1,0
0.999999999999999,0
0.999999999999999,0
0.999999999999999,0
0.999999999999999,0
1,0
1,0
1,0
1,0
1,0
1,0
1,0
0.999999999999999,0
0.999999999999999,0
0.999999999999999,0
0.999999999999999,0
0.999999999999999,0
0.999999999999999,0
0.999999999999999,0
0.999999999999999,0
0.999999999999999,0
0.999999999999999,0
0.999999999999999,0
0.999999999999999,0
0.999999999999999,0
0.999999999999999,0
0.999999999999999,0
0.999999999999999,0
0.999999999999999,0
0.999999999999999,0
0.999999999999999,0
1,0
1,0
1,0
1,0
1,0
1,0
1,0
0.999999991595794,0
0.999999997599144,0
0.99999999134779,0
0.350042948144,0
0.274135835149758,0
0.279674544286097,0
0.300404664959444,0
0.335579305306623,0
0.273152171556418,0
0.272777341355575,0
0.272777341197044,0
0.272777341233267,0
0.272777341208045,0
0.272774731402453,0
0.258784412772834,0
0.271504827635545,0
0.272760612284695,0
0.272771792648912,0
0.272777099307624,0
0.272777273580022,0
0.272777260774139,0
0.272777341072211,0
0.272777341267736,0
0.272777341267758,0
0.272777341267751,0
0.272777341267763,0
0.272777341267751,0
0.272777341260176,0
0.272777341265848,0
0.272777341267763,0
0.272777341267764,0
0.272777341267764,0
0.272777341267764,0
0.272777341267764,0
0.272777341267764,0
0.272777341267764,0
0.272777341267764,0
0.272777341267764,0
0.272777341267764,0
0.272777341267764,0
0.272777341267764,0
0.272777341267764,0
0.272777341267764,0
0.272777341267764,0
0.272777341267764,0
0.272777341267764,0
0.272777341267764,0
0.272777341267764,0
0.272777341267764,0
0.272777341267764,0
0.272777341267764,0
0.272777341267764,0
0.272777341267764,0
0.272777341267764,0
0.272777341267764,0
0.272777341267764,0
0.272777341267764,0
0.272777341267764,0
0.272777341267764,0
0.272777341267764,0
0.272777341267764,0
0.272777341267764,0
0.272777341267764,0
0.272777341267764,0
0.272777341267764,0
0.272777341267764,0
0.272777341267764,0
0.272777341267764,0
0.272777341267764,0
0.272777341267764,0
0.272777341267764,0
0.272777341267764,0
0.272777341267764,0
0.272777341267764,0
0.272777341267764,0
0.272777341267764,0
0.272777341267764,0
0.272777341267764,0
0.272777341267764,0
0.272777341267764,0
0.272777341267764,0
0.272777341267764,0
0.272777341267764,0
0.272777341267764,0
0.272777341267764,0
0.272777341267764,0
0.272777341267764,0
0.272777341267765,0
0.272777341378133,0
0.272815679662302,0
0.999999988608566,0
0.999999991651498,0
0.999999991726139,0
0.999999991939965,0
1,0
1,0
1,0
0.999999999999999,0
0.999999999999999,0
0.999999999999999,0
0.999999999999999,0
0.999999999999999,0
0.999999999999999,0
0.999999999999999,0
0.999999999999999,0
0.999999999999999,0
0.999999999999999,0
0.999999999999999,0
0.999999999999999,0
0.999999999999999,0
0.999999999999999,0
0.999999999999999,0
0.999999999999999,0
0.999999999999999,0
0.999999999999999,0
0.999999999999999,0
0.999999999999999,0
0.999999999999999,0
0.999999999999999,0
0.999999999999999,0
0.999999999999999,0
0.999999999999999,0
0.999999999999999,0
0.999999999999999,0
0.999999999999999,0
0.999999999999999,0
0.999999999999999,0
0.999999999999999,0
0.999999999999999,0
0.999999999999999,0
0.999999999999999,0
1,0
1,0
1,0
1,0
1,0
1,0
1,0
0.999999991655414,0
0.999999981258991,0
0.294397450004375,0
0.27285687664739,0
0.272777457316242,0
0.27277734171903,0
0.272777341267765,0
0.272777341267764,0
0.272777341267764,0
0.272777341267764,0
0.272777341267764,0
0.272777341267764,0
0.272777341267764,0
0.272777341267764,0
0.272777341267764,0
0.272777341267764,0
0.272777341267764,0
0.272777341267764,0
0.272777341267764,0
0.272777341267764,0
0.272777341267764,0
0.272777341267764,0
0.272777341267764,0
0.272777341267764,0
0.272777341267764,0
0.272777341267764,0
0.272777341267764,0
0.272777341267764,0
0.272777341267764,0
0.272777341267764,0
0.272777341267764,0
0.272777341267764,0
0.272777341267764,0
0.272777341267764,0
0.272777341267764,0
0.272777341267764,0
0.272777341267764,0
0.272777341267764,0
0.272777341267764,0
0.272777341267764,0
0.272777341267764,0
0.272777341267764,0
0.272777341267764,0
0.272777341267764,0
0.272777341267764,0
0.272777341267764,0
0.272777341267764,0
0.272777341267764,0
0.272777341267764,0
0.272777341267764,0
0.272777341267764,0
0.272777341267764,0
0.272777341267764,0
0.272777341267764,0
0.272777341267764,0
0.272777341267764,0
0.272777341267764,0
0.272777341267764,0
0.272777341267764,0
0.272777341267764,0
0.272777341267764,0
0.272777341267764,0
0.272777341267764,0
0.272777341267764,0
0.272777341267764,0
0.272777341267764,0
0.272777341267764,0
0.272777341267764,0
0.272777341267764,0
0.272777341267764,0
0.272777341267764,0
0.272777341267764,0
0.272777341267764,0
0.272777341267764,0
0.272777341267764,0
0.272777341267764,0
0.272777341267764,0
0.272777341267764,0
0.272777341267764,0
0.272777341267764,0
0.272777341267764,0
0.272777341267764,0
0.272777341267764,0
0.272777341267764,0
0.272777341267764,0
0.272777341267764,0
0.272777341267764,0
0.272777341267764,0
0.272777341267764,0
0.272777341267764,0
0.272777341267764,0
0.272777341267764,0
0.272777341267764,0
0.272777341267764,0
0.272777341267764,0
0.272777341267764,0
0.272777341267764,0
0.272777341267764,0
0.272777341267764,0
0.272777341267764,0
0.272777341267764,0
0.272777341267764,0
0.272777341267764,0
0.272777341267764,0
0.272777341267764,0
0.272777341267764,0
0.272777341267764,0
0.272777341267764,0
0.272777341267764,0
0.272777341267764,0
0.272777341267764,0
0.272777341267764,0
0.272777341267764,0
0.272777341267764,0
0.272777341267764,0
0.272777341267764,0
0.272777341267764,0
0.272777341267764,0
0.272777341267764,0
0.272777341267764,0
0.272777341267764,0
0.272777341267764,0
0.272777341267764,0
0.272777341267764,0
0.272777341267764,0
0.272777341267764,0
0.272777341267764,0
0.272777341267764,0
0.272777341267764,0
0.272777341267764,0
0.272777341267764,0
0.272777341267764,0
0.272777341267764,0
0.272777341267764,0
0.272777341267764,0
0.272777341267764,0
0.272777341267764,0
0.272777341267764,0
0.272777341267764,0
0.272777341267764,0
0.272777341267764,0
0.272777341267764,0
0.272777341267764,0
0.272777341267764,0
0.272777341267764,0
0.272777341267764,0
0.272777341267764,0
0.272777341267764,0
0.272777341267764,0
0.272777341267764,0
0.272777341267764,0
0.272777341267745,0
0.272777341267537,0
0.272777341267691,0
0.272777341267509,0
0.272777341264079,0
0.272777341207701,0
0.27277734033836,0
0.272777340756464,0
0.272777339930496,0
0.272777313547082,0
0.272777298181796,0
0.272777335314081,0
0.272777046384872,0
0.272670939643766,0
0.272766255338644,0
0.272777190461752,0
0.271834320149578,0
0.0797566320778753,0
0.0398703140381851,0
0.00198047483676399,0
0.0015374315949796,0
0.00153669006305309,0
0.00153669779055589,0
0.00153670957041681,0
0.00153667010788493,0
0.00153666332166638,0
0.00153666322258964,0
0.00153666606216675,0
0.00153696552874396,0
0.00188900107695792,0
0.00706199920788539,0
0.00206614939376298,0
0.00178165963865201,0
0.00171602442926873,0
0.0090712612069455,0
0.203927816850791,0
0.00307147380249013,0
0.001905776009669,0
0.0183339323072601,0
0.137089945862296,0
0.0177892490724815,0
0.0317117380093805,0
0.241801977138667,0
0.265596227705013,0
0.234210392259684,0
0.010882681788474,0
0.121425721973796,0
0.18434849802389,0
0.00170285199604972,0
0.00154273801783278,0
0.0015412091153046,0
0.00157570397887639,0
0.00213020691009634,0
0.0119820675224171,0
0.248875046357028,0
0.272774645752557,0
0.272777337814893,0
0.272777340999493,0
0.272777341077121,0
0.272777340895075,0
0.272777340989219,0
0.272777341254341,0
0.272777341254729,0
0.272777341267678,0
0.272777341267764,0
0.272777341267764,0
0.272777341267764,0
0.272777341267764,0
0.272777341267764,0
0.272777341267764,0
0.272777341267764,0
0.272777341267764,0
0.272777341267764,0
0.272777341267764,0
0.272777341267764,0
0.272777341267764,0
0.272777341267764,0
0.272777341267764,0
0.272777341267764,0
0.272777341267764,0
0.272777341267764,0
0.272777341267764,0
0.272777341267764,0
0.272777341267764,0
0.272777341267764,0
0.272777341267764,0
0.272777341267764,0
0.272777341267764,0
0.272777341267764,0
0.272777341267764,0
0.272777341267764,0
0.272777341267764,0
0.272777341267764,0
0.272777341267764,0
0.272777341267764,0
0.272777341267764,0
0.272777341267764,0
0.272777341267764,0
0.272777341267764,0
0.272777341267764,0
0.272777341267764,0
0.272777341267764,0
0.272777341267764,0
0.272777341267764,0
0.272777341267764,0
0.272777341267764,0
0.272777341267764,0
0.272777341267764,0
0.272777341267764,0
0.272777341267764,0
0.272777341267764,0
0.272777341267764,0
0.272777341267764,0
0.272777341267764,0
0.272777341267764,0
0.272777341267764,0
0.272777341267764,0
0.272777341267764,0
0.272777341267764,0
0.272777341267764,0
0.272777341267764,0
0.272777341267764,0
0.272777341267764,0
0.272777341267764,0
0.272777341267764,0
0.272777341267764,0
0.272777341267764,0
0.272777341267764,0
0.272777341267764,0
0.272777341267764,0
0.272777341267764,0
0.272777341267764,0
0.272777341267764,0
0.272777341267764,0
0.272777341267764,0
0.272777341267764,0
0.272777341267764,0
0.272777341267764,0
0.272777341267764,0
0.272777341267764,0
0.272777341267764,0
0.272777341267764,0
0.272777341267764,0
0.27277734126774,0
0.272777341267488,0
0.272777341267281,0
0.272777341265024,0
0.272777341169036,0
0.272777321441961,0
0.272777312589869,0
0.272777318485757,0
0.272777333970765,0
0.272777341106174,0
0.2727773410147,0
0.272777341224444,0
0.27277734119252,0
0.272777341215978,0
0.272777341207086,0
0.272777340879932,0
0.272777341088054,0
0.27277733219191,0
0.272777336004082,0
0.272777340986837,0
0.272777339361778,0
0.27277734016906,0
0.272777340926516,0
0.272777341264063,0
0.272777341266595,0
0.272777341160306,0
0.272777341098514,0
0.272777341151076,0
0.272777338954476,0
0.272777332040956,0
0.272777336296659,0
0.272777337860297,0
0.272777341245371,0
0.272777341267587,0
0.272777341264625,0
0.272777341258488,0
0.272777341266197,0
0.272777341267763,0
0.272777341267764,0
0.272777341267764,0
0.272777341267764,0
0.272777341267764,0
0.272777341267764,0
0.272777341267764,0
0.272777341267764,0
0.272777341267764,0
0.272777341267764,0
0.272777341267764,0
0.272777341267764,0
0.272777341267764,0
0.272777341267764,0
0.272777341267764,0
0.272777341267764,0
0.272777341267764,0
0.272777341267764,0
0.272777341267764,0
0.272777341267764,0
0.272777341267764,0
0.272777341267764,0
0.272777341267764,0
0.272777341267764,0
0.272777341267764,0
0.272777341267764,0
0.272777341267764,0
0.272777341267764,0
0.272777341267764,0
0.272777341267764,0
0.272777341267764,0
0.272777341267764,0
0.272777341267764,0
0.272777341267764,0
0.272777341267764,0
0.272777341267764,0
0.272777341267764,0
0.272777341267764,0
0.272777341267764,0
0.272777341267764,0
0.272777341267764,0
0.272777341267764,0
0.272777341267764,0
0.272777341267764,0
0.272777341267764,0
0.272777341267764,0
0.272777341267764,0
0.272777341267764,0
0.272777341267764,0
0.272777341267764,0
0.272777341267764,0
0.272777341267764,0
0.272777341267764,0
0.272777341267764,0
0.272777341267764,0
0.272777341267764,0
0.272777341267764,0
0.272777341267764,0
0.272777341267764,0
0.272777341267764,0
0.272777341267764,0
0.272777341267764,0
0.272777341267764,0
0.272777341267764,0
0.272777341267764,0
0.272777341267764,0
0.272777341267764,0
0.272777341267764,0
0.272777341267764,0
0.272777341267764,0
0.272777341267764,0
0.272777341267764,0
0.272777341267764,0
0.272777341267764,0
0.272777341267764,0
0.272777341267764,0
0.272777341267764,0
0.272777341267764,0
0.272777341267764,0
0.272777341267764,0
0.272777341267764,0
0.272777341267764,0
0.272777341267764,0
0.272777341267764,0
0.272777341267764,0
0.272777341267764,0
0.272777341267764,0
0.272777341267764,0
0.272777341267764,0
0.272777341267764,0
0.272777341267764,0
0.272777341267764,0
0.272777341267764,0
0.272777341267764,0
0.272777341267764,0
0.272777341267764,0
0.272777341267764,0
0.272777341267764,0
0.272777341267764,0
0.272777341267764,0
0.272777341267764,0
0.272777341267764,0
0.272777341267764,0
0.272777341267764,0
0.272777341267764,0
0.272777341267764,0
0.272777341267764,0
0.272777341267764,0
0.272777341267764,0
0.272777341267764,0
0.272777341267764,0
0.272777341267764,0
0.272777341267764,0
0.272777341267764,0
0.272777341267764,0
0.272777341267764,0
0.272777341267764,0
0.272777341267764,0
0.272777341267764,0
0.272777341267764,0
0.272777341267764,0
0.272777341267764,0
0.272777341267764,0
0.272777341267764,0
0.272777341267764,0
0.272777341267764,0
0.272777341267764,0
0.272777341267764,0
0.272777341267764,0
0.272777341267764,0
0.272777341267764,0
0.272777341267764,0
0.272777341267764,0
0.272777341267764,0
0.272777341267764,0
0.272777341267764,0
0.272777341267764,0
0.272777341267764,0
0.272777341267764,0
0.272777341267764,0
0.272777341267764,0
0.272777341267764,0
0.272777341267764,0
0.272777341267764,0
0.272777341267764,0
0.272777341267764,0
0.272777341267764,0
0.272777341267764,0
0.272777341267764,0
0.272777341267764,0
0.272777341267764,0
0.272777341267764,0
0.272777341267764,0
0.272777341267764,0
0.272777341267764,0
0.272777341267764,0
0.272777341267764,0
0.272777341267764,0
0.272777341267764,0
0.272777341267764,0
0.272777341267764,0
0.272777341267764,0
0.272777341267764,0
0.272777341267764,0
0.272777341267764,0
0.272777341267764,0
0.272777341267764,0
0.272777341267764,0
0.272777341267764,0
0.272777341267764,0
0.272777341267764,0
0.272777341267764,0
0.272777341267764,0
0.272777341267764,0
0.272777341267764,0
0.272777341267764,0
0.272777341267764,0
0.272777341267764,0
0.272777341267764,0
0.272777341267764,0
0.272777341267764,0
0.272777341267764,0
0.272777341267764,0
0.272777341267764,0
0.272777341267764,0
0.272777341267764,0
0.272777341267764,0
0.272777341267764,0
0.272777341267764,0
0.272777341267764,0
0.272777341267764,0
0.272777341267764,0
0.272777341267764,0
0.272777341267764,0
0.272777341267764,0
0.272777341267764,0
0.272777341267764,0
0.272777341267764,0
0.272777341267764,0
0.272777341267764,0
0.272777341267764,0
0.272777341267764,0
0.272777341267764,0
0.272777341267764,0
0.272777341267764,0
0.272777341267764,0
0.272777341267764,0
0.272777341267764,0
0.272777341267764,0
0.272777341267764,0
0.272777341267764,0
0.272777341267764,0
0.272777341267764,0
0.272777341267764,0
0.272777341267764,0
0.272777341267764,0
0.272777341267764,0
0.272777341267764,0
0.272777341267764,0
0.272777341267764,0
0.272777341267764,0
0.272777341267764,0
0.272777341267764,0
0.272777341267764,0
0.272777341267764,0
0.272777341267764,0
0.272777341267764,0
0.272777341267764,0
0.272777341267764,0
0.272777341267764,0
0.272777341267764,0
0.272777341267764,0
0.272777341267764,0
0.272777341267764,0
0.272777341267764,0
0.272777341267764,0
0.272777341267764,0
0.272777341267764,0
0.272777341267764,0
0.272777341267764,0
0.272777341267764,0
0.272777341267764,0
0.272777341267764,0
0.272777341267764,0
0.272777341267764,0
0.272777341267764,0
0.272777341267764,0
0.272777341267764,0
0.272777341267764,0
0.272777341267764,0
0.272777341267764,0
0.272777341267764,0
0.272777341267764,0
0.272777341267764,0
0.272777341267764,0
0.272777341267764,0
0.272777341267764,0
0.272777341267764,0
0.272777341267764,0
0.272777341267764,0
0.272777341267764,0
0.272777341267764,0
0.272777341267764,0
0.272777341267764,0
0.272777341267764,0
0.272777341267764,0
0.272777341267764,0
0.272777341267764,0
0.272777341267764,0
0.272777341267764,0
0.272777341267764,0
0.272777341267764,0
0.272777341267764,0
0.272777341267764,0
0.272777341267764,0
0.272777341267764,0
0.272777341267764,0
0.272777341267764,0
0.272777341267764,0
0.272777341267764,0
0.272777341267764,0
0.272777341267764,0
0.272777341267764,0
0.272777341267764,0
0.272777341267764,0
0.272777341267764,0
0.272777341267764,0
0.272777341267764,0
0.272777341267764,0
0.272777341267764,0
0.272777341267764,0
0.272777341267764,0
0.272777341267764,0
0.272777341267764,0
0.272777341267764,0
0.272777341267764,0
0.272777341267764,0
0.272777341267764,0
0.272777341267764,0
0.272777341267764,0
0.272777341267764,0
0.272777341267764,0
0.272777341267764,0
0.272777341267764,0
0.272777341267764,0
0.272777341267764,0
0.272777341267764,0
0.272777341267764,0
0.272777341267764,0
0.272777341267764,0
0.272777341267764,0
0.272777341267764,0
0.272777341267764,0
0.272777341267764,0
0.272777341267764,0
0.272777341267764,0
0.272777341267764,0
0.272777341267764,0
0.272777341267764,0
0.272777341267764,0
0.272777341267764,0
0.272777341267764,0
0.272777341267764,0
0.272777341267764,0
0.272777341267764,0
0.272777341267764,0
0.272777341267764,0
0.272777341267764,0
0.272777341267764,0
0.272777341267764,0
0.272777341267764,0
0.272777341267764,0
0.272777341267764,0
0.272777341267764,0
0.272777341267764,0
0.272777341267764,0
0.272777341267764,0
0.272777341267764,0
0.272777341267764,0
0.272777341267764,0
0.272777341267764,0
0.272777341267764,0
0.272777341267764,0
0.272777341267764,0
0.272777341267764,0
0.272777341267764,0
0.272777341267764,0
0.272777341267764,0
0.272777341267764,0
0.272777341267764,0
0.272777341267764,0
0.272777341267764,0
0.272777341267764,0
0.272777341267764,0
0.272777341267764,0
0.272777341267764,0
0.272777341267764,0
0.272777341267764,0
0.272777341267764,0
0.272777341267764,0
0.272777341267764,0
0.272777341267764,0
0.272777341267764,0
0.272777341267764,0
0.272777341267764,0
0.272777341267764,0
0.272777341267764,0
0.272777341267764,0
0.272777341267764,0
0.272777341267764,0
0.272777341267764,0
0.272777341267764,0
0.272777341267764,0
0.272777341267764,0
0.272777341267764,0
0.272777341267764,0
0.272777341267764,0
0.272777341267764,0
0.272777341267764,0
0.272777341267764,0
0.272777341267764,0
0.272777341267764,0
0.272777341267764,0
0.272777341267764,0
0.272777341267764,0
0.272777341267764,0
0.272777341267764,0
0.272777341267764,0
0.272777341267764,0
0.272777341267764,0
0.272777341267764,0
0.272777341267764,0
0.272777341267764,0
0.272777341267764,0
0.272777341267764,0
0.272777341267764,0
0.272777341267764,0
0.272777341267764,0
0.272777341267764,0
0.272777341267764,0
0.272777341267764,0
0.272777341267764,0
0.272777341267764,0
0.272777341267764,0
0.272777341267764,0
0.272777341267764,0
0.272777341267764,0
0.272777341267764,0
0.272777341267764,0
0.272777341267764,0
0.272777341267764,0
0.272777341267764,0
0.272777341267764,0
0.272777341267764,0
0.272777341267764,0
0.272777341267764,0
0.272777341267764,0
0.272777341267764,0
0.272777341267764,0
0.272777341267764,0
0.272777341267764,0
0.272777341267764,0
0.272777341267764,0
0.272777341267764,0
0.272777341267764,0
0.272777341267764,0
0.272777341267764,0
0.272777341267764,0
0.272777341267764,0
0.272777341267764,0
0.272777341267764,0
0.272777341267764,0
0.272777341267764,0
0.272777341267764,0
0.272777341267764,0
0.272777341267764,0
0.272777341267764,0
0.272777341267764,0
0.272777341267764,0
0.272777341267764,0
0.272777341267764,0
0.272777341267764,0
0.272777341267764,0
0.272777341267764,0
0.272777341267764,0
0.272777341267764,0
0.272777341267764,0
0.272777341267764,0
0.272777341267764,0
0.272777341267764,0
0.272777341267764,0
0.272777341267764,0
0.272777341267764,0
0.272777341267764,0
0.272777341267764,0
0.272777341267764,0
0.272777341267764,0
0.272777341267764,0
0.272777341267764,0
0.272777341267764,0
0.272777341267764,0
0.272777341267764,0
0.272777341267764,0
0.272777341267764,0
0.272777341267764,0
0.272777341267764,0
0.272777341267764,0
0.272777341267764,0
0.272777341267764,0
0.272777341267764,0
0.272777341267764,0
0.272777341267764,0
0.272777341267764,0
0.272777341267764,0
0.272777341267764,0
0.272777341267764,0
0.272777341267764,0
0.272777341267764,0
0.272777341267764,0
0.272777341267764,0
0.272777341267764,0
0.272777341267764,0
0.272777341267764,0
0.272777341267764,0
0.272777341267764,0
0.272777341267764,0
0.272777341267764,0
0.272777341267764,0
0.272777341267764,0
0.272777341267764,0
0.272777341267764,0
0.272777341267764,0
0.272777341267764,0
0.272777341267764,0
0.272777341267764,0
0.272777341267764,0
0.272777341267764,0
0.272777341267764,0
0.272777341267764,0
0.272777341267764,0
0.272777341267764,0
0.272777341267764,0
0.272777341267764,0
0.272777341267764,0
0.272777341267764,0
0.272777341267764,0
0.272777341267764,0
0.272777341267764,0
0.272777341267764,0
0.272777341267764,0
0.272777341267764,0
0.272777341267764,0
0.272777341267764,0
0.272777341267764,0
0.272777341267764,0
0.272777341267764,0
0.272777341267764,0
0.272777341267764,0
0.272777341267764,0
0.272777341267764,0
0.272777341267764,0
0.272777341267764,0
0.272777341267764,0
0.272777341267764,0
0.272777341267764,0
0.272777341267764,0
0.272777341267764,0
0.272777341267764,0
0.272777341267764,0
0.272777341267764,0
0.272777341267764,0
0.272777341267764,0
0.272777341267764,0
0.272777341267764,0
0.272777341267764,0
0.272777341267764,0
0.272777341267764,0
0.272777341267764,0
0.272777341267764,0
0.272777341267764,0
0.272777341267764,0
0.272777341267764,0
0.272777341267764,0
0.272777341267764,0
0.272777341267764,0
0.272777341267764,0
0.272777341267764,0
0.272777341267764,0
0.272777341267764,0
0.272777341267764,0
0.272777341267764,0
0.272777341267764,0
0.272777341267764,0
0.272777341267764,0
0.272777341267764,0
0.272777341267764,0
0.272777341267764,0
0.272777341267764,0
0.272777341267764,0
0.272777341267764,0
0.272777341267764,0
0.272777341267764,0
0.272777341267764,0
0.272777341267764,0
0.272777341267764,0
0.272777341267764,0
0.272777341267764,0
0.272777341267764,0
0.272777341267764,0
0.272777341267764,0
0.272777341267764,0
0.272777341267764,0
0.272777341267764,0
0.272777341267764,0
0.272777341267764,0
0.272777341267764,0
0.272777341267764,0
0.272777341267764,0
0.272777341267764,0
0.272777341267764,0
0.272777341267764,0
0.272777341267764,0
0.272777341267764,0
0.272777341267764,0
0.272777341267764,0
0.272777341267764,0
0.272777341267764,0
0.272777341267764,0
0.272777341267764,0
0.272777341267764,0
0.272777341267764,0
0.272777341267764,0
0.272777341267764,0
0.272777341267764,0
0.272777341267764,0
0.272777341267764,0
0.272777341267764,0
0.272777341267764,0
0.272777341267764,0
0.272777341267764,0
0.272777341267764,0
0.272777341267764,0
0.272777341267764,0
0.272777341267764,0
0.272777341267764,0
0.272777341267764,0
0.272777341267764,0
0.272777341267764,0
0.272777341267764,0
0.272777341267764,0
0.272777341267764,0
0.272777341267764,0
0.272777341267764,0
0.272777341267764,0
0.272777341267764,0
0.272777341267764,0
0.272777341267764,0
0.272777341267764,0
0.272777341267764,0
0.272777341267764,0
0.272777341267764,0
0.272777341267764,0
0.272777341267764,0
0.272777341267764,0
0.272777341267764,0
0.272777341267764,0
0.272777341267764,0
0.272777341267764,0
0.272777341267764,0
0.272777341267764,0
0.272777341267764,0
0.272777341267764,0
0.272777341267764,0
0.272777341267764,0
0.272777341267764,0
0.272777341267764,0
0.272777341267764,0
0.272777341267764,0
0.272777341267764,0
0.272777341267764,0
0.272777341267764,0
0.272777341267764,0
0.272777341267764,0
0.272777341267764,0
0.272777341267764,0
0.272777341267764,0
0.272777341267764,0
0.272777341267764,0
0.272777341267764,0
0.272777341267764,0
0.272777341267764,0
0.272777341267764,0
0.272777341267764,0
0.272777341267764,0
0.272777341267764,0
0.272777341267764,0
0.272777341267764,0
0.272777341267764,0
0.272777341267764,0
0.272777341267764,0
0.272777341267764,0
0.272777341267764,0
0.272777341267764,0
0.272777341267764,0
0.272777341267764,0
0.272777341267764,0
0.272777341267764,0
0.272777341267764,0
0.272777341267764,0
0.272777341267764,0
0.272777341267764,0
0.272777341267764,0
0.272777341267764,0
0.272777341267764,0
0.272777341267764,0
0.272777341267764,0
0.272777341267764,0
0.272777341267764,0
0.272777341267764,0
0.272777341267764,0
0.272777341267764,0
0.272777341267764,0
0.272777341267764,0
0.272777341267764,0
0.272777341267764,0
0.272777341267764,0
0.272777341267764,0
0.272777341267764,0
0.272777341267764,0
0.272777341267764,0
0.272777341267764,0
0.272777341267764,0
0.272777341267764,0
0.272777341267764,0
0.272777341267764,0
0.272777341267764,0
0.272777341267764,0
0.272777341267764,0
0.272777341267764,0
0.272777341267764,0
0.272777341267764,0
0.272777341267764,0
0.272777341267764,0
0.272777341267764,0
0.272777341267764,0
0.272777341267764,0
0.272777341267764,0
0.272777341267764,0
0.272777341267764,0
0.272777341267764,0
0.272777341267764,0
0.272777341267764,0
0.272777341267764,0
0.272777341267764,0
0.272777341267764,0
0.272777341267764,0
0.272777341267764,0
0.272777341267764,0
0.272777341267764,0
0.272777341267764,0
0.272777341267764,0
0.272777341267764,0
0.272777341267764,0
0.272777341267764,0
0.272777341267764,0
0.272777341267764,0
0.272777341267764,0
0.272777341267764,0
0.272777341267764,0
0.272777341267764,0
0.272777341267764,0
0.272777341267764,0
0.272777341267764,0
0.272777341267764,0
0.272777341267764,0
0.272777341267764,0
0.272777341267764,0
0.272777341267764,0
0.272777341267764,0
0.272777341267764,0
0.272777341267764,0
0.272777341267764,0
0.272777341267764,0
0.272777341267764,0
0.272777341267764,0
0.272777341267764,0
0.272777341267764,0
0.272777341267764,0
0.272777341267764,0
0.272777341267764,0
0.272777341267764,0
0.272777341267764,0
0.272777341267764,0
0.272777341267764,0
0.272777341267764,0
0.272777341267764,0
0.272777341267764,0
0.272777341267764,0
0.272777341267764,0
0.272777341267764,0
0.272777341267764,0
0.272777341267764,0
0.272777341267764,0
0.272777341267764,0
0.272777341267764,0
0.272777341267764,0
0.272777341267764,0
0.272777341267764,0
0.272777341267764,0
0.272777341267764,0
0.272777341267764,0
0.272777341267764,0
0.272777341267764,0
0.272777341267764,0
0.272777341267764,0
0.272777341267764,0
0.272777341267764,0
0.272777341267764,0
0.272777341267764,0
0.272777341267764,0
0.272777341267764,0
0.272777341267764,0
0.272777341267764,0
0.272777341267764,0
0.272777341267764,0
0.272777341267764,0
0.272777341267764,0
0.272777341267764,0
0.272777341267764,0
0.272777341267764,0
0.272777341267764,0
0.272777341267764,0
0.272777341267764,0
0.272777341267764,0
0.272777341267764,0
0.272777341267764,0
0.272777341267764,0
0.272777341267764,0
0.272777341267764,0
0.272777341267764,0
0.272777341267764,0
0.272777341267764,0
0.272777341267764,0
0.272777341267764,0
0.272777341267764,0
0.272777341267764,0
0.272777341267764,0
0.272777341267764,0
0.272777341267764,0
0.272777341267764,0
0.272777341267764,0
0.272777341267764,0
0.272777341267764,0
0.272777341267764,0
0.272777341267764,0
0.272777341267764,0
0.272777341267764,0
0.272777341267764,0
0.272777341267764,0
0.272777341267764,0
0.272777341267764,0
0.272777341267764,0
0.272777341267764,0
0.272777341267764,0
0.272777341267764,0
0.272777341267764,0
0.272777341267764,0
0.272777341267764,0
0.272777341267764,0
0.272777341267764,0
0.272777341267764,0
0.272777341267764,0
0.272777341267764,0
0.272777341267764,0
0.272777341267764,0
0.272777341267764,0
0.272777341267764,0
0.272777341267764,0
0.272777341267764,0
0.272777341267764,0
0.272777341267764,0
0.272777341267764,0
0.272777341267764,0
0.272777341267764,0
0.272777341267764,0
0.272777341267764,0
0.272777341267764,0
0.272777341267764,0
0.272777341267764,0
0.272777341267764,0
0.272777341267764,0
0.272777341267764,0
0.272777341267764,0
0.272777341267764,0
0.272777341267764,0
0.272777341267764,0
0.272777341267764,0
0.272777341267764,0
0.272777341267764,0
0.272777341267764,0
0.272777341267764,0
0.272777341267764,0
0.272777341267764,0
0.272777341267764,0
0.272777341267764,0
0.272777341267764,0
0.272777341267764,0
0.272777341267764,0
0.272777341267764,0
0.272777341267764,0
0.272777341267764,0
0.272777341267764,0
0.272777341267764,0
0.272777341267764,0
0.272777341267764,0
0.272777341267764,0
0.272777341267764,0
0.272777341267764,0
0.272777341267764,0
0.272777341267764,0
0.272777341267764,0
0.272777341267764,0
0.272777341267764,0
0.272777341267764,0
0.272777341267764,0
0.272777341267764,0
0.272777341267764,0
0.272777341267764,0
0.272777341267764,0
0.272777341267764,0
0.272777341267764,0
0.272777341267764,0
0.272777341267764,0
0.272777341267764,0
0.272777341267764,0
0.272777341267764,0
0.272777341267764,0
0.272777341267764,0
0.272777341267764,0
0.272777341267764,0
0.272777341267764,0
0.272777341267764,0
0.272777341267764,0
0.272777341267764,0
0.272777341267764,0
0.272777341267764,0
0.272777341267764,0
0.272777341267764,0
0.272777341267764,0
0.272777341267764,0
0.272777341267764,0
0.272777341267764,0
0.272777341267764,0
0.272777341267764,0
0.272777341267764,0
0.272777341267764,0
0.272777341267764,0
0.272777341267764,0
0.272777341267764,0
0.272777341267764,0
0.272777341267764,0
0.272777341267764,0
0.272777341267764,0
0.272777341267764,0
0.272777341267764,0
0.272777341267764,0
0.272777341267764,0
0.272777341267764,0
0.272777341267764,0
0.272777341267764,0
0.272777341267764,0
0.272777341267764,0
0.272777341267764,0
0.272777341267764,0
0.272777341267764,0
0.272777341267764,0
0.272777341267764,0
0.272777341267764,0
0.272777341267764,0
0.272777341267764,0
0.272777341267764,0
0.272777341267764,0
0.272777341267764,0
0.272777341267764,0
0.272777341267764,0
0.272777341267764,0
0.272777341267764,0
0.272777341267764,0
0.272777341267764,0
0.272777341267764,0
0.272777341267764,0
0.272777341267764,0
0.272777341267764,0
0.272777341267764,0
0.272777341267764,0
0.272777341267764,0
0.272777341267764,0
0.272777341267764,0
0.272777341267764,0
0.272777341267764,0
0.272777341267764,0
0.272777341267764,0
0.272777341267764,0
0.272777341267764,0
0.272777341267764,0
0.272777341267764,0
0.272777341267764,0
0.272777341267764,0
0.272777341267764,0
0.272777341267764,0
0.272777341267764,0
0.272777341267764,0
0.272777341267764,0
0.272777341267764,0
0.272777341267764,0
0.272777341267764,0
0.272777341267764,0
0.272777341267764,0
0.272777341267764,0
0.272777341267764,0
0.272777341267764,0
0.272777341267764,0
0.272777341267764,0
0.272777341267764,0
0.272777341267764,0
0.272777341267764,0
0.272777341267764,0
0.272777341267764,0
0.272777341267764,0
0.272777341267764,0
0.272777341267764,0
0.272777341267764,0
0.272777341267764,0
0.272777341267764,0
0.272777341267764,0
0.272777341267764,0
0.272777341267764,0
0.272777341267764,0
0.272777341267764,0
0.272777341267764,0
0.272777341267764,0
0.272777341267764,0
0.272777341267764,0
0.272777341267764,0
0.272777341267764,0
0.272777341267764,0
0.272777341267764,0
0.272777341267764,0
0.272777341267764,0
0.272777341267764,0
0.272777341267764,0
0.272777341267764,0
0.272777341267764,0
0.272777341267764,0
0.272777341267764,0
0.272777341267764,0
0.272777341267764,0
0.272777341267764,0
0.272777341267764,0
0.272777341267764,0
0.272777341267764,0
0.272777341267764,0
0.272777341267764,0
0.272777341267764,0
0.272777341267764,0
0.272777341267764,0
0.272777341267764,0
0.272777341267764,0
0.272777341267764,0
0.272777341267764,0
0.272777341267764,0
0.272777341267764,0
0.272777341267764,0
0.272777341267764,0
0.272777341267764,0
0.272777341267764,0
0.272777341267764,0
0.272777341267764,0
0.272777341267764,0
0.272777341267764,0
0.272777341267764,0
0.272777341267764,0
0.272777341267764,0
0.272777341267764,0
0.272777341267764,0
0.272777341267764,0
0.272777341267764,0
0.272777341267764,0
0.272777341267764,0
0.272777341267764,0
0.272777341267764,0
0.272777341267764,0
0.272777341267764,0
0.272777341267764,0
0.272777341267764,0
0.272777341267764,0
0.272777341267764,0
0.272777341267764,0
0.272777341267764,0
0.272777341267764,0
0.272777341267764,0
0.272777341267764,0
0.272777341267764,0
0.272777341267764,0
0.272777341267764,0
0.272777341267764,0
0.272777341267764,0
0.272777341267764,0
0.272777341267764,0
0.272777341267764,0
0.272777341267764,0
0.272777341267764,0
0.272777341267764,0
0.272777341267764,0
0.272777341267764,0
0.272777341267764,0
0.272777341267764,0
0.272777341267764,0
0.272777341267764,0
0.272777341267764,0
0.272777341267764,0
0.272777341267764,0
0.272777341267764,0
0.272777341267764,0
0.272777341267764,0
0.272777341267764,0
0.272777341267764,0
0.272777341267764,0
0.272777341267764,0
0.272777341267764,0
0.272777341267764,0
0.272777341267764,0
0.272777341267764,0
1,1
1,1
1,1
1,1
0.999999999999999,1
0.999999999999999,1
0.999999999999999,1
1,1
1,1
1,1
1,1
1,1
1,1
1,1
1,1
1,1
1,1
1,1
1,1
1,1
1,1
1,1
1,1
0.999999999025384,1
1,1
0.999999991651473,1
0.999999991651442,1
0.999999989567952,1
0.447703192593928,1
0.999999990466558,1
0.999999991628431,1
0.99999999165058,1
0.999999991650027,1
0.999999991651315,1
0.999999991651477,1
0.999999991651273,1
0.931463901188324,1
0.285721239211099,1
0.998575903272569,1
0.999999991629572,1
0.999999991649968,1
0.999999990343489,1
0.999999835429497,1
0.999999991649085,1
1,1
1,1
1,1
1,1
1,1
1,1
0.999999992958855,1
1,1
1,1
1,1
1,1
1,1
1,1
1,1
1,1
1,1
1,1
1,1
1,1
1,1
1,1
1,1
0.999999991651483,1
0.99999999165366,1
1,1
0.999999991651485,1
0.999999991651482,1
0.999999991651483,1
1,1
1,1
0.999999991651483,1
0.999999991651483,1
0.999999991651483,1
0.9999999916534,1
0.999999998859781,1
1,1
1,1
1,1
1,1
1,1
1,1
1,1
1,1
1,1
1,1
1,1
1,1
1,1
1,1
1,1
1,1
1,1
1,1
0.999999999962416,1
0.999999991651251,1
0.99999999164846,1
0.999999994315109,1
0.999999997886866,1
1,1
1,1
1,1
1,1
1,1
1,1
1,1
1,1
1,1
1,1
1,1
1,1
1,1
1,1
1,1
1,1
1,1
1,1
1,1
1,1
1,1
1,1
1,1
1,1
1,1
1,1
0.999999999978762,1
0.999999991651483,1
1,1
1,1
1,1
1,1
1,1
1,1
1,1
1,1
1,1
1,1
1,1
1,1
1,1
1,1
1,1
1,1
1,1
1,1
1,1
1,1
1,1
1,1
1,1
1,1
1,1
1,1
1,1
1,1
1,1
1,1
1,1
1,1
1,1
1,1
1,1
1,1
1,1
0.999999999879617,1
0.999999991651483,1
0.999999991651483,1
0.999999991651483,1
0.999999994202699,1
1,1
1,1
1,1
1,1
0.999999991657643,1
0.999999991651483,1
0.99999999707275,1
0.999999991651501,1
0.999999991651483,1
0.99999999165148,1
0.999999991651483,1
0.999999991651483,1
1,1
1,1
0.999999991653806,1
0.999999999996018,1
1,1
1,1
1,1
1,1
1,1
1,1
1,1
1,1
1,1
1,1
1,1
1,1
1,1
1,1
1,1
1,1
1,1
1,1
1,1
1,1
1,1
1,1
1,1
1,1
1,1
1,1
1,1
1,1
1,1
1,1
1,1
1,1
1,1
1,1
1,1
1,1
1,1
1,1
1,1
1,1
1,1
1,1
1,1
1,1
1,1
1,1
1,1
1,1
1,1
1,1
1,1
1,1
1,1
1,1
1,1
1,1
1,1
1,1
1,1
1,1
1,1
1,1
1,1
1,1
1,1
1,1
1,1
1,1
1,1
1,1
1,1
1,1
1,1
1,1
1,1
1,1
1,1
1,1
1,1
1,1
0.999999999999999,1
1,1
1,1
1,1
1,1
1,1
1,1
1,1
1,1
1,1
1,1
1,1
1,1
1,1
1,1
1,1
1,1
1,1
1,1
1,1
1,1
1,1
1,1
1,1
1,1
1,1
1,1
1,1
1,1
1,1
1,1
1,1
1,1
1,1
1,1
1,1
1,1
1,1
1,1
1,1
0.999999999999999,1
1,1
1,1
1,1
0.999999999999999,1
1,1
1,1
1,1
0.999999991650609,1
0.999999991649127,1
0.999999991646778,1
0.999999990929548,1
0.999999989421022,1
0.999999991408834,1
0.999999990240162,1
0.999999984820884,1
0.999978518311609,1
0.999999976915343,1
0.999999976006871,1
0.354881362896367,1
0.999999991556392,1
0.999999991651467,1
0.999999991651138,1
0.99999999165095,1
0.999999991636617,1
0.999999991650793,1
0.999999991651482,1
0.999999991651372,1
0.999999991650694,1
0.999999991633901,1
0.99999999158094,1
0.999999988097375,1
0.999999988233611,1
0.999999991507902,1
0.999999991635523,1
0.999999991658549,1
1,1
1,1
0.99999999167141,1
0.999999999997945,1
1,1
1,1
1,1
0.999999999999999,1
1,1
1,1
1,1
1,1
1,1
1,1
0.99999999110194,1
0.298437069971379,1
0.272802673874358,1
0.272781415769449,1
0.272835549791634,1
0.272777342558935,1
0.272777341276601,1
0.272777341293661,1
0.272777341567206,1
0.272777355304415,1
0.272788805322824,1
0.272778194369425,1
0.27277734591964,1
0.272782172733182,1
0.273779882537407,1
0.275964590265495,1
0.283930095216924,1
0.993811625911448,1
0.99999980911601,1
0.999999991609002,1
0.999999974025502,1
0.276285389292303,1
0.272777797275672,1
0.272777341530403,1
0.272777342294735,1
0.272777354803169,1
0.272777400099709,1
0.272777845685202,1
0.279280201462037,1
0.409319687225097,1
0.272907580088309,1
0.272777646359492,1
0.272777352722338,1
0.272777341387302,1
0.272777341626847,1
0.272777341336079,1
0.27277734228205,1
0.272777362242803,1
0.272777374565708,1
0.272777465467252,1
0.272821791972795,1
0.273750348382239,1
0.27441645971706,1
0.296868191415337,1
0.412647716860177,1
0.999967669113489,1
0.999999991636422,1
0.999999990496674,1
0.999998956869169,1
0.999999969771802,1
0.999999991651199,1
0.999999991651482,1
0.999999991708593,1
1,1
1,1
1,1
1,1
1,1
1,1
1,1
0.999999991744616,1
0.999999991661771,1
0.999999991649881,1
0.99999999245581,1
1,1
1,1
1,1
1,1
1,1
0.999999999999961,1
0.999999991787183,1
1,1
1,1
0.999999999972016,1
0.999999991651466,1
0.999999990450016,1
0.275027376728184,1
0.273864752116768,1
0.469171545890717,1
0.278073745883526,1
0.451544097860561,1
0.999999990893754,1
0.99999999164885,1
0.999999991651484,1
1,1
1,1
1,1
1,1
0.999999991652183,1
0.999999991651477,1
0.99999999339225,1
0.999999991792581,1
0.999999991722438,1
0.999999991651486,1
0.999999991650834,1
0.999999991649406,1
0.999999991649983,1
0.999999991651464,1
0.999999991652023,1
1,1
1,1
1,1
1,1
1,1
1,1
0.999999991662519,1
0.999999991651453,1
1,1
1,1
1,1
1,1
0.999999992028687,1
0.999999991656673,1
0.999999991728454,1
0.999999999995401,1
0.999999991641063,1
0.999999991645858,1
0.999999991651612,1
1,1
0.99999999165181,1
0.999999991650861,1
0.999999991651091,1
0.999999991651456,1
0.999999991651459,1
0.999999991587099,1
0.999999990697871,1
0.999999991602759,1
0.999986547510609,1
0.284406953280982,1
0.9999999864961,1
0.999999991651319,1
0.999999991651483,1
0.999999991651483,1
0.999999991651483,1
0.999999991651479,1
0.999999991651483,1
0.999999991651482,1
0.999999989344336,1
0.800426820328706,1
0.999999984249981,1
0.999999988030606,1
0.999999987128583,1
0.999999983519925,1
0.31731344053176,1
0.999999990706909,1
0.999999991651484,1
0.999999991652351,1
1,1
0.99999999999885,1
0.999999991651102,1
0.999999991679832,1
1,1
0.999999991651483,1
0.999999991623466,1
0.999999991630908,1
0.999999991648405,1
0.999999991407645,1
0.999980513985422,1
0.999999021405597,1
0.99999997953055,1
0.999999948380495,1
0.273880457833289,1
0.272777356756403,1
0.272777352643883,1
0.274899161740802,1
0.273234897517298,1
0.279326195079249,1
0.891840927142112,1
0.999999982873974,1
0.999996479456182,1
0.31004321116305,1
0.295090454975727,1
0.999941795323836,1
0.999999991647649,1
0.999999991651481,1
0.999999991651465,1
0.999999991650929,1
0.999999991370038,1
0.999999976688005,1
0.999999991033539,1
0.999996928427737,1
0.27304393271702,1
0.272810784285709,1
0.28841332439553,1
0.999998257781765,1
0.999997809160896,1
0.999999802882868,1
0.999999991629196,1
0.99999999165057,1
0.999999991651456,1
0.999999991651507,1
0.999999993526639,1
0.999999991656613,1
0.999999995367959,1
0.999999991659434,1
0.999999991651484,1
0.999999991651483,1
0.99999999165161,1
1,1
1,1
0.999999991675216,1
0.999999995390105,1
1,1
0.999999998069252,1
1,1
0.999999991679675,1
1,1
0.999999991651487,1
0.999999991651478,1
0.999999991650976,1
0.999999991163579,1
0.999999991651357,1
0.999999991583374,1
0.999999986463747,1
0.999999991651198,1
0.999999991651486,1
0.99999999165148,1
0.999999991092407,1
0.993782445249139,1
0.275511939212226,1
0.272778239466386,1
0.272777959917555,1
0.273719222950717,1
0.305011634069749,1
0.519080301304734,1
0.999953998596877,1
0.999999971231026,1
0.99999999156751,1
0.999999991651456,1
0.999999991651451,1
0.999999991651481,1
0.999999991651383,1
0.999999991646456,1
0.999999990806167,1
0.274170211842742,1
0.27307153831554,1
0.273980984057573,1
0.273353279683756,1
0.275562734469311,1
0.272937222457329,1
0.272882935334495,1
0.272777489952475,1
0.272777341531716,1
0.272777341282982,1
0.272777341364022,1
0.272777358498671,1
0.272828762317001,1
0.36137128914977,1
0.999999666304034,1
0.987878238361901,1
0.305665623151682,1
0.274015678995668,1
0.99487988454961,1
0.999999990383998,1
0.999999991634864,1
0.999999991650119,1
0.999999991651481,1
0.999999994016245,1
1,1
1,1
0.999999991651472,1
0.999999991211212,1
0.279948624588953,1
0.272777974828072,1
0.272793259229119,1
0.273210359798125,1
0.272777497879536,1
0.27278407090181,1
0.280076122748334,1
0.999999979064021,1
0.999999953712351,1
0.27533192462121,1
0.272802795655957,1
0.272777881260861,1
0.272788826337333,1
0.538798388656496,1
0.999999991642448,1
0.99999999165146,1
0.999999991651504,1
1,1
0.999999991651482,1
0.999999991651434,1
0.99999999165148,1
0.999999991651052,1
0.999999991551133,1
0.999999991650831,1
1,1
1,1
1,1
1,1
1,1
1,1
1,1
1,1
1,1
1,1
1,1
1,1
1,1
1,1
1,1
1,1
1,1
1,1
1,1
1,1
0.999999991766325,1
1,1
1,1
0.999999991651567,1
0.999999991651451,1
0.999999991647865,1
0.999999991491261,1
0.999999991650938,1
0.99999999165152,1
0.999999991651524,1
0.999999999987968,1
1,1
0.999999991651479,1
0.999999991095165,1
0.999999991463026,1
0.999999991613143,1
0.999999976636374,1
0.27298797303364,1
0.317932596516097,1
0.999999991342445,1
0.99999999165092,1
0.99978243737156,1
0.273186170519232,1
0.272777355403588,1
0.27277734127418,1
0.272777343834167,1
0.27306485404503,1
0.505684703776737,1
0.999999985378021,1
0.999999991516866,1
0.999999991641639,1
0.99999999141404,1
0.999999986600304,1
0.999999994234562,1
1,1
0.999999997814943,1
0.999999991685971,1
1,1
1,1
0.999999993897201,1
0.999999991651481,1
0.999999991651439,1
0.999999991651483,1
0.999999991651623,1
0.999999991651758,1
1,1
1,1
1,1
1,1
1,1
1,1
1,1
1,1
1,1
0.999999999999993,1
0.99999999199378,1
0.999999992243013,1
0.999999991663819,1
0.999999991651627,1
0.999999991651473,1
0.999999989659642,1
0.274582979605131,1
0.426453977998541,1
0.999999991637645,1
0.999999991651444,1
0.99999999196185,1
0.999999995725698,1
0.9999999921245,1
0.99999999165571,1
0.999999991649237,1
0.999999991650521,1
0.999999991651473,1
0.999999991652589,1
1,1
1,1
1,1
1,1
1,1
1,1
1,1
1,1
1,1
1,1
1,1
1,1
1,1
1,1
1,1
1,1
1,1
1,1
1,1
1,1
1,1
1,1
1,1
1,1
1,1
1,1
1,1
1,1
1,1
1,1
1,1
1,1
1,1
1,1
1,1
1,1
1,1
1,1
1,1
1,1
1,1
1,1
1,1
1,1
1,1
1,1
1,1
1,1
1,1
1,1
1,1
1,1
1,1
1,1
1,1
1,1
1,1
1,1
1,1
1,1
1,1
1,1
1,1
1,1
1,1
1,1
1,1
1,1
1,1
1,1
1,1
1,1
1,1
1,1
1,1
1,1
1,1
1,1
1,1
1,1
1,1
1,1
1,1
1,1
1,1
0.999999991651494,1
0.999999991651564,1
0.999999991651483,1
0.999999991509828,1
0.999999991645948,1
0.999999991651462,1
0.999999991651465,1
0.999999991651483,1
0.999999991651483,1
0.999999991651483,1
0.999999991651483,1
0.999999991651494,1
0.999999991651483,1
0.999999991651504,1
1,1
1,1
0.999999991889622,1
0.999999991653421,1
0.999999991841636,1
1,1
1,1
1,1
1,1
1,1
1,1
1,1
1,1
1,1
1,1
1,1
1,1
1,1
1,1
1,1
1,1
1,1
1,1
1,1
0.999999991653772,1
0.999999991651476,1
0.99999999164465,1
0.999999991651195,1
0.999999991651481,1
0.999999991640334,1
0.749460093072052,1
0.273814731066554,1
0.274491901110587,1
0.999999991600787,1
0.999999991651483,1
0.999999991862837,1
1,1
1,1
1,1
1,1
1,1
1,1
1,1
1,1
1,1
1,1
1,1
1,1
1,1
1,1
1,1
1,1
1,1
1,1
1,1
1,1
1,1
1,1
1,1
1,1
1,1
1,1
1,1
0.999999991651486,1
0.999999993770479,1
0.999999991652398,1
0.999999991799018,1
0.999999991651473,1
0.999999991625853,1
0.999999989918055,1
0.99999992062268,1
0.999999950356052,1
0.999999988236081,1
0.999999991601111,1
0.999999991651462,1
0.999999991614838,1
0.99689275287345,1
0.996426789696443,1
0.999998516666403,1
0.275987836979737,1
0.293266284267215,1
0.997640195778563,1
0.999999990966677,1
0.999999991651037,1
0.999999991651474,1
0.999999991651449,1
0.999999991651195,1
0.999999991651617,1
1,1
1,1
1,1
1,1
1,1
1,1
1,1
1,1
1,1
1,1
1,1
1,1
1,1
1,1
0.999999992777455,1
0.999999991650999,1
0.999999991651482,1
1,1
0.999999991651716,1
0.999999991651482,1
0.999999991651431,1
0.999999991651425,1
0.999999991650868,1
0.999999991631891,1
0.99999999165112,1
0.999999991651482,1
0.999999991651465,1
0.999999988338628,1
0.282272239801302,1
0.363361160563161,1
0.998736969164939,1
0.272988719189765,1
0.272777390607199,1
0.272777457471952,1
0.984001677743492,1
0.999999981981546,1
0.283475296143535,1
0.273658275125702,1
0.273779413079354,1
0.272777735050755,1
0.272777341267764,1
0.272777341267764,1
0.272777341268346,1
0.272777341459162,1
0.272777399210867,1
0.999685216659873,1
0.99999999144561,1
0.999999566182836,1
0.41120050863496,1
0.316047780165208,1
0.926827298664221,1
0.99999999156978,1
0.99999999165078,1
0.999999991620837,1
0.999999982074341,1
0.999999989276407,1
0.999999947467629,1
0.99999991423808,1
0.999999937126149,1
0.957363324998192,1
0.357599490805272,1
0.274500729979011,1
0.272799286363114,1
0.272777344517065,1
0.272777341389584,1
0.272777398847691,1
0.272777351451418,1
0.272777341278723,1
0.272777341267911,1
0.272777341267883,1
0.272777341271943,1
0.272777707430414,1
0.27296174155675,1
0.272781835243901,1
0.272777341269657,1
0.272777341267766,1
0.272777341268069,1
0.272777341460865,1
0.272777341720788,1
0.272777341268532,1
0.27277734126777,1
0.272777341267765,1
0.272777341287783,1
0.272777344933125,1
0.27295765497998,1
0.300413445686204,1
0.999999990759729,1
0.999999991651454,1
0.999999991651466,1
0.999999990851111,1
0.999999985436445,1
0.99999579338206,1
0.480317021950836,1
0.993665528721682,1
0.999999986327135,1
0.999999971827353,1
0.272804375649668,1
0.272777583392958,1
0.272852718913076,1
0.984955682015114,1
0.999999979439656,1
0.99999998069306,1
0.406489964295095,1
0.272816026203116,1
0.272795146533181,1
0.272777378788534,1
0.272777341810667,1
0.272777351824539,1
0.272777348846493,1
0.272777357208024,1
0.272777341926392,1
0.272777341554208,1
0.272779554370271,1
0.482490670693696,1
0.992735491924375,1
0.968593426001253,1
0.904537894635411,1
0.976250182751104,1
0.999999685618627,1
0.999999962393461,1
0.999999990552215,1
0.999999941055234,1
0.792516706298655,1
0.999999991463201,1
0.999999991651377,1
0.999999991651482,1
0.999999991651125,1
0.999999991649665,1
0.999999991651481,1
0.999999991651483,1
0.999999991648135,1
0.999999991647336,1
0.999999991649804,1
0.999999991621242,1
0.999999991651482,1
0.999999991651482,1
0.999999991637524,1
0.9999999915243,1
0.99999999164889,1
0.999999991640277,1
0.999999990958183,1
0.999999991508163,1
0.999999991639625,1
0.999998153692995,1
0.345176305584395,1
0.272870318179248,1
0.272812588688286,1
0.290022900282188,1
0.974432326215309,1
0.647341643101409,1
0.273519992181613,1
0.272860916097361,1
0.272777756516716,1
0.272777341272076,1
0.272777343459565,1
0.952299668321877,1
0.999999991648767,1
0.99999999163919,1
0.999999981854015,1
0.999999991644834,1
0.999999991648736,1
0.999999395289332,1
0.272885401415139,1
0.999993998906967,1
0.999999991651483,1
0.999999991651472,1
0.999999991651459,1
0.999999991651479,1
0.999999991615971,1
0.999999989050231,1
0.999858228491117,1
0.994249507620167,1
0.999418192302803,1
0.999999970301969,1
0.99999998962605,1
0.999999991460678,1
0.999999991272521,1
0.99990175137272,1
0.273621348026902,1
0.284723640827222,1
0.999999978435497,1
0.99999980682097,1
0.306892221094037,1
0.286177355871023,1
0.275925278155686,1
0.272910609209149,1
0.999999968246674,1
0.999999991651085,1
0.999999991651441,1
0.999999991651474,1
0.999999991651483,1
0.999999991651486,1
0.999999991686045,1
0.999999991651482,1
0.999999991651483,1
0.999999991651484,1
0.999999991651482,1
0.999999991641532,1
0.999999991651481,1
1,1
1,1
0.99999999984705,1
0.999999991651734,1
0.999999991651483,1
0.999999991651482,1
0.999999991651482,1
0.999999991651477,1
0.999999991651265,1
0.99999999165148,1
0.999999991651482,1
0.999999991651483,1
0.999999991651483,1
1,1
1,1
1,1
0.999999991651483,1
0.999999991651483,1
0.999999991651483,1
0.999999991620984,1
0.27281579853889,1
0.272861666205265,1
0.272780397708079,1
0.272777344812471,1
0.272777341597427,1
0.272777341269355,1
0.272777341283769,1
0.272777341462105,1
0.272777344503005,1
0.272778846566633,1
0.506914806799908,1
0.27793900596102,1
0.999981572505174,1
0.999999972695623,1
0.999999989669362,1
0.999999991173017,1
0.999985199554642,1
0.999999991649132,1
0.99999999165146,1
0.999999991647502,1
0.999999991651467,1
0.999999991651482,1
0.999999991651475,1
0.999999991651461,1
0.999999991651483,1
1,1
1,1
1,1
0.999999994050347,1
1,1
0.999999992548898,1
0.999999991651483,1
0.999999991651483,1
0.999999991651483,1
0.999999991651522,1
0.999999991651483,1
0.999999991651483,1
0.999999991651483,1
0.999999991651484,1
0.99999999165157,1
1,1
1,1
0.999999991651483,1
0.999999991651483,1
0.999999991651483,1
0.999999991651515,1
1,1
1,1
0.999999999845626,1
1,1
0.99999999215861,1
0.999999991651482,1
0.999999991651437,1
0.999999991651481,1
0.999999991651483,1
0.999999991651493,1
0.999999991664666,1
0.999999991651452,1
0.999999991651016,1
0.999999998517117,1
0.999999991651591,1
0.999999991651483,1
0.999999991651483,1
0.999999991651483,1
0.999999991660571,1
1,1
1,1
1,1
1,1
1,1
1,1
1,1
1,1
1,1
1,1
1,1
1,1
1,1
1,1
1,1
1,1
1,1
1,1
1,1
1,1
1,1
1,1
1,1
1,1
1,1
1,1
1,1
1,1
1,1
1,1
1,1
1,1
1,1
1,1
1,1
1,1
1,1
1,1
1,1
1,1
1,1
1,1
1,1
1,1
1,1
1,1
1,1
1,1
1,1
1,1
1,1
1,1
1,1
1,1
1,1
0.999999991651483,1
0.999999991651483,1
0.999999991651483,1
0.999999991651483,1
1,1
1,1
1,1
1,1
1,1
1,1
1,1
1,1
1,1
1,1
1,1
1,1
1,1
1,1
1,1
1,1
1,1
1,1
1,1
1,1
1,1
1,1
1,1
1,1
1,1
1,1
1,1
1,1
1,1
1,1
1,1
1,1
1,1
1,1
0.999999991667324,1
0.999999991651483,1
0.999999991651483,1
1,1
1,1
1,1
1,1
0.999999991651484,1
0.999999991651484,1
0.999999999999984,1
0.99999999982148,1
1,1
1,1
1,1
1,1
1,1
1,1
0.999999999311029,1
1,1
1,1
0.999999999999917,1
0.999999991651485,1
0.999999991672153,1
1,1
0.999999991651484,1
0.999999991651483,1
0.999999991658703,1
1,1
1,1
1,1
1,1
0.999999991931504,1
0.999999995591223,1
1,1
1,1
1,1
1,1
1,1
1,1
1,1
1,1
1,1
1,1
1,1
1,1
1,1
1,1
1,1
1,1
1,1
1,1
1,1
1,1
1,1
1,1
1,1
1,1
1,1
1,1
1,1
1,1
1,1
1,1
1,1
1,1
1,1
1,1
1,1
1,1
1,1
1,1
1,1
1,1
1,1
1,1
1,1
1,1
1,1
1,1
1,1
1,1
1,1
1,1
1,1
1,1
1,1
1,1
1,1
1,1
1,1
1,1
1,1
1,1
1,1
1,1
1,1
1,1
1,1
1,1
0.999999996357569,1
0.999999993460128,1
0.999999996608059,1
0.999999999999212,1
0.999999991651483,1
0.999999991651483,1
0.999999991651483,1
0.999999991650644,1
0.99999999165083,1
0.999999991651482,1
0.999999991651479,1
0.999999991651472,1
0.999999991650281,1
0.999999991651482,1
0.999999991651483,1
0.999999991651483,1
1,1
1,1
1,1
1,1
1,1
1,1
1,1
1,1
1,1
1,1
1,1
1,1
1,1
1,1
1,1
1,1
1,1
1,1
1,1
1,1
1,1
1,1
1,1
1,1
1,1
1,1
1,1
1,1
1,1
1,1
1,1
1,1
1,1
1,1
1,1
0.999999991651358,1
0.99999999165141,1
0.999999991651368,1
0.999999991651842,1
1,1
0.999999991651762,1
0.99999999164306,1
0.999999991651481,1
1,1
1,1
1,1
1,1
1,1
1,1
1,1
1,1
1,1
1,1
1,1
1,1
1,1
1,1
0.999999999998552,1
1,1
1,1
1,1
1,1
1,1
1,1
1,1
0.999999991663892,1
0.999998677317517,1
0.999999979227254,1
0.99999999159863,1
0.999999991650898,1
1,1
1,1
1,1
1,1
0.999999895260875,1
0.899147965122786,1
0.377433005473733,1
0.272981641835045,1
0.272777974626493,1
0.272777341273072,1
0.272777348363852,1
0.272777410454957,1
0.272777354736839,1
0.272781703774972,1
0.272777352420662,1
0.272777341269445,1
0.272777341267766,1
0.272777341267764,1
0.272777341267764,1
0.272777341278526,1
0.272777355168059,1
0.272777342025631,1
0.272777349536003,1
0.276985331149759,1
0.999999998040884,1
0.999999978344095,1
0.0467035589085877,1
0.892790376841928,1
0.105360062281478,1
0.264768375211862,1
0.271915656014857,1
0.27021285906909,1
0.0376749598954362,1
0.00162182912141202,1
0.00185495264237036,1
0.999999999999993,1
0.999999999999996,1
0.000232142202091626,1
0.0168914124357396,1
0.00152299923409326,1
0.99999891329481,1
0.999999999999748,1
0.999999999999997,1
0.999999999999999,1
0.999999999999999,1
0.227728782575166,1
0.211428425268718,1
0.188437664921133,1
0.181341991495617,1
0.270826601112128,1
0.272725303372196,1
0.272771676198251,1
0.272777318726976,1
0.272777340560571,1
0.272777340266955,1
0.272777341267455,1
0.272777341267763,1
0.272777341267764,1
0.272777341267762,1
0.272777341267767,1
0.27277734126776,1
0.272777341267759,1
0.27277734126725,1
0.272777323606091,1
0.272776457623524,1
0.272776848456593,1
0.272766201262177,1
0.272764555401237,1
0.272761395174976,1
0.260623776593122,1
0.00154202055879511,1
0.999998902205775,1
0.999999850075147,1
0.999999999999977,1
0.99999992481603,1
0.999999963880149,1
0.999999999999998,1
0.999999999999999,1
0.999999999999999,1
0.999999999999999,1
0.999999999999999,1
0.999999999999999,1
0.999999685146795,1
0.999999652082672,1
2.80593923780484e-06,1
6.59200967639185e-09,1
4.05157721898454e-09,1
7.49541506475144e-05,1
0.999999999999999,1
0.999999999999986,1
0.00154834172523654,1
0.252968992551512,1
0.272622365638841,1
0.272771989066166,1
0.272774682304121,1
0.272698128297436,1
0.272774832595572,1
0.272775879764396,1
0.272775544138108,1
0.272782726260563,1
0.272776861967091,1
0.272777817206928,1
0.27278528976854,1
0.272777341385495,1
0.272777341267764,1
0.272777341267764,1
0.272777341260623,1
0.272777335505173,1
0.272777340576191,1
0.272777340484681,1
0.272777321026952,1
0.272777340020195,1
0.272777340808085,1
0.272777309557938,1
0.272779609831483,1
0.279801788851536,1
1,1
0.999999999999999,1
0.999999999999999,1
0.999999999999999,1
0.999999999999999,1
0.999999999999999,1
0.999999999999999,1
0.999999999999999,1
0.999999999999999,1
0.999999999999999,1
0.999999999999999,1
0.999999999999999,1
0.999999999999999,1
0.999999999999999,1
0.999999999999999,1
0.999999999999999,1
0.999999999999999,1
0.999999999999999,1
0.999999999999999,1
0.999999999999999,1
0.999999999999999,1
0.999999999999999,1
0.999999999999999,1
0.999999999999999,1
0.999999999999999,1
0.999999999999999,1
0.999999999999999,1
0.999999999999999,1
0.999999999999999,1
0.999999999999999,1
0.999999999999999,1
0.999999999999999,1
0.999999999999999,1
0.999999999999999,1
0.999999999999999,1
0.999999999999999,1
0.999999999999999,1
0.999999999999999,1
0.999999999999999,1
0.999999999999999,1
0.999999999999999,1
0.999999999999999,1
0.999999999999999,1
0.999999999999999,1
0.999999999999999,1
0.999999999999999,1
0.999999999999999,1
0.999999999999999,1
0.999999999999999,1
0.999999999999999,1
0.999999999999999,1
0.999999999999999,1
0.999999999999999,1
0.999999999999999,1
0.999999999999999,1
0.999999999999999,1
1,1
1,1
1,1
1,1
1,1
1,1
1,1
1,1
1,1
1,1
1,1
1,1
1,1
1,1
1,1
1,1
1,1
1,1
1,1
1,1
1,1
1,1
1,1
1,1
1,1
1,1
1,1
1,1
1,1
1,1
1,1
1,1
1,1
1,1
1,1
1,1
0.999999991651483,1
0.999999991651477,1
0.999999991589093,1
0.999999121737533,1
0.302312425994737,1
0.307188189277421,1
0.999999990876863,1
0.999999991646134,1
0.999999942551016,1
0.999999947224402,1
0.833187213512425,1
0.276425518669794,1
0.273302610528203,1
0.272777350455087,1
0.272777341267769,1
0.272777341267778,1
0.272777341267818,1
0.272777341267767,1
0.272777341267764,1
0.272777341267764,1
0.272777341267765,1
0.272777341267764,1
0.272777341267764,1
0.272777341267764,1
0.272777341267764,1
0.272777341267764,1
0.272777341267764,1
0.272777341267765,1
0.272777341852046,1
0.27277734130458,1
0.272777341267769,1
0.272777341267773,1
0.272777341267765,1
0.272777341267764,1
0.272777341268995,1
0.272777341268047,1
0.272777341267802,1
0.272777341271,1
0.2727773413366,1
0.272777341268309,1
0.272777341267776,1
0.27277734150113,1
0.272777344360378,1
0.272777341531753,1
0.272777344662726,1
0.272984942104402,1
0.999999982664859,1
0.999999986786106,1
0.999999991430839,1
0.999993740676453,1
0.272827429830651,1
0.272842615201348,1
0.294225457344341,1
0.984976360041813,1
0.442547628518484,1
0.504497260786695,1
0.999997495034441,1
0.999999985633975,1
0.276413343251602,1
0.27277816123592,1
0.272777348037298,1
0.272777342955654,1
0.272935365204903,1
0.949632633555982,1
0.279364229815251,1
0.272781538339832,1
0.272777341397966,1
0.272777341267769,1
0.272777341267769,1
0.272777341267779,1
0.272777341271263,1
0.272777370055576,1
0.272777597375038,1
0.272777342314389,1
0.272777341271919,1
0.272777341437165,1
0.272777343585897,1
0.27277751347288,1
0.272790848265187,1
0.272855976155412,1
0.300978038155817,1
0.278251477053518,1
0.27287152941958,1
0.275322269056271,1
0.386666170506192,1
0.925554958273184,1
0.999999991651236,1
1,1
1,1
1,1
1,1
1,1
1,1
1,1
1,1
1,1
1,1
1,1
1,1
1,1
1,1
1,1
1,1
1,1
1,1
1,1
1,1
1,1
1,1
1,1
1,1
0.99999999165432,1
1,1
1,1
1,1
1,1
1,1
1,1
1,1
0.999999991652962,1
0.999999991654238,1
1,1
1,1
1,1
1,1
1,1
1,1
1,1
1,1
1,1
1,1
0.999999999999999,1
0.999999999999999,1
0.999999999999999,1
0.999999999999999,1
0.999999999999999,1
0.999999999999999,1
0.999999999999999,1
0.999999999999999,1
0.999999999999999,1
0.999999999999999,1
0.999999999999999,1
0.999999999999999,1
0.999999999999999,1
0.999999999999999,1
0.999999999999999,1
0.999999999999999,1
0.999999999999999,1
0.999999999999999,1
0.999999999999999,1
0.999999999999999,1
1,1
1,1
1,1
1,1
0.999999999999999,1
0.999999999999999,1
0.999999999999999,1
1,1
1,1
1,1
0.999999999999999,1
0.999999999999999,1
0.999999999999999,1
0.999999999999999,1
1,1
1,1
1,1
1,1
0.999999999999999,1
0.999999999999999,1
0.999999999999999,1
0.999999999999999,1
0.999999999999999,1
0.999999999999999,1
0.999999999999999,1
0.999999999999999,1
0.999999999999999,1
0.999999999999999,1
0.999999999999999,1
0.999999999999999,1
0.999999999999999,1
0.999999999999999,1
0.999999999999999,1
0.999999999999999,1
0.999999999999999,1
0.999999999999999,1
0.999999999999999,1
1,1
1,1
1,1
1,1
1,1
1,1
1,1
1,1
1,1
1,1
1,1
1,1
1,1
1,1
1,1
1,1
1,1
1,1
1,1
1,1
1,1
1,1
1,1
1,1
1,1
1,1
1,1
1,1
1,1
1,1
1,1
1,1
1,1
1,1
1,1
1,1
1,1
1,1
1,1
1,1
1,1
1,1
1,1
1,1
1,1
1,1
0.999999991651483,1
0.999999991651483,1
0.999999991651483,1
0.999999991651483,1
1,1
1,1
1,1
0.999999991651483,1
0.999999991651483,1
0.999999991651483,1
0.999999991651483,1
0.999999991651483,1
0.999999991651483,1
0.999999991651483,1
0.999999991651483,1
0.999999991651475,1
0.999999991451428,1
0.997702621770511,1
0.999999990882987,1
0.999999991650707,1
0.999999991650499,1
0.999999991651479,1
0.999999991651483,1
0.999999991651554,1
0.999999991651483,1
0.999999991651483,1
0.999999991651483,1
0.999999991651478,1
0.999999991651453,1
0.999999991649492,1
0.999999991651391,1
0.999999991651483,1
0.999999991651483,1
0.999999991651483,1
0.999999991651453,1
0.999999981395013,1
0.305141433576959,1
0.348828898912809,1
0.272788053229916,1
0.272777393279417,1
0.272777399012848,1
0.272780876177929,1
0.740006086986184,1
0.999999985630903,1
0.999999991280782,1
0.99999999165129,1
0.999999991651483,1
0.999999991651483,1
0.999999991651269,1
0.9999999614961,1
0.999999982602943,1
0.99999999134219,1
0.999999991651483,1
0.999999991651483,1
0.999999991651483,1
0.999999991651483,1
0.999999991651483,1
0.999999991651483,1
0.999999991651483,1
0.999999991651483,1
0.999999991651483,1
0.999999991763358,1
1,1
1,1
1,1
1,1
0.999999991652276,1
0.999999991651483,1
0.999999991651483,1
0.999999991651483,1
0.999999991651482,1
0.999999991651162,1
0.999999991651385,1
0.999999991651455,1
0.999999991651483,1
0.999999991651483,1
1,1
1,1
1,1
0.999999991652563,1
0.999999991652631,1
0.999999991653334,1
0.999999991651484,1
0.999999991651497,1
0.999999991651483,1
0.999999991651483,1
0.999999991651483,1
0.999999991651483,1
0.999999991651483,1
0.999999991651483,1
1,1
1,1
1,1
1,1
1,1
1,1
1,1
1,1
0.999999991651483,1
1,1
1,1
1,1
1,1
0.999999991651816,1
0.999999991651483,1
0.999999991651483,1
0.999999991651483,1
0.999999991651483,1
0.999999991651483,1
0.999999991651483,1
0.999999991651483,1
0.999999991915888,1
0.999999991651483,1
0.999999991651483,1
0.999999991651483,1
0.999999991651483,1
0.999999991651483,1
0.999999991651166,1
0.99999999164676,1
0.999999991651457,1
0.999999991651483,1
1,1
1,1
1,1
1,1
1,1
1,1
1,1
1,1
1,1
1,1
1,1
1,1
1,1
1,1
1,1
1,1
1,1
1,1
1,1
1,1
1,1
1,1
1,1
1,1
1,1
1,1
1,1
1,1
1,1
1,1
1,1
1,1
1,1
1,1
1,1
1,1
1,1
1,1
1,1
1,1
1,1
1,1
1,1
1,1
1,1
1,1
1,1
1,1
1,1
1,1
1,1
1,1
1,1
1,1
1,1
1,1
1,1
1,1
1,1
1,1
1,1
1,1
1,1
1,1
1,1
1,1
1,1
1,1
1,1
1,1
1,1
1,1
1,1
1,1
1,1
1,1
1,1
1,1
1,1
1,1
1,1
1,1
1,1
1,1
1,1
1,1
1,1
1,1
1,1
1,1
1,1
1,1
1,1
1,1
1,1
1,1
1,1
1,1
1,1
1,1
1,1
1,1
1,1
1,1
1,1
1,1
1,1
1,1
1,1
1,1
1,1
1,1
1,1
1,1
1,1
1,1
1,1
1,1
1,1
1,1
1,1
1,1
1,1
1,1
1,1
1,1
1,1
0.999999993002477,1
1,1
1,1
0.999999991651482,1
0.999999991651488,1
1,1
0.999999997885806,1
1,1
0.999999998509674,1
0.999999991651332,1
0.999999991651483,1
0.999999999356034,1
1,1
1,1
1,1
1,1
1,1
1,1
1,1
1,1
1,1
1,1
1,1
1,1
0.999999991696455,1
0.999999991651481,1
0.999999991651483,1
0.999999999999261,1
1,1
0.999999998662755,1
0.99999999163628,1
0.999999991635088,1
0.99999999165146,1
0.999999991651469,1
0.999999991582934,1
0.999999548174683,1
0.999999991605269,1
0.999999991616959,1
0.999999783665831,1
0.991538934430813,1
0.551613400804892,1
0.273507143283224,1
0.272782510272213,1
0.279472349765923,1
0.273469087702683,1
0.27300929802665,1
0.27340178938184,1
0.273570609569085,1
0.275760633177738,1
0.2728471898278,1
0.272777342811839,1
0.272777341268244,1
0.272777341268648,1
0.27277735691258,1
0.272787213824334,1
0.274265048871054,1
0.999999991570544,1
0.999999991651483,1
0.999999991651483,1
0.999999991756577,1
0.999999991665261,1
0.999999991651483,1
0.999999991651366,1
0.999999991649351,1
0.999999991644725,1
0.999999990828228,1
0.999999991595019,1
0.999999991651483,1
1,1
1,1
1,1
1,1
0.999999991651551,1
0.999999992289711,1
1,1
1,1
1,1
1,1
0.999999993151586,1
0.999999991651483,1
0.999999991651483,1
0.999999991651483,1
0.999999991651483,1
0.999999991651483,1
0.999999991651483,1
0.999999991651403,1
0.999999991558948,1
0.999943766840201,1
0.272777471554101,1
0.272779969601181,1
0.999999967504865,1
0.999999991651385,1
0.999999991651483,1
0.999999991651483,1
0.999999991651483,1
0.999999991651419,1
0.999999991651178,1
0.999999991647276,1
0.999999991651365,1
0.999999991651398,1
0.999999991651422,1
0.999999991651483,1
0.999999991651483,1
0.999999991651483,1
0.99999999165148,1
0.999999991650308,1
0.999999991648264,1
0.999999991651483,1
0.999999991651483,1
0.999999991651483,1
0.999999991651457,1
0.999999991648038,1
0.999999987567019,1
0.999999991579314,1
0.999999990064748,1
0.275661452318598,1
0.272836192069331,1
0.272779163146931,1
0.272777382004431,1
0.272777343605877,1
0.272777358430217,1
0.272777343639186,1
0.272832866922916,1
0.99999999088273,1
0.999999991651324,1
0.999999991636752,1
0.518098356063032,1
0.337548646307295,1
0.272826480454139,1
0.272777412104748,1
0.272792123387111,1
0.27526138262789,1
0.505355207109427,1
0.999999986743813,1
0.999999991580873,1
0.858406676945532,1
0.305530474998853,1
0.957375592280934,1
0.534463279344092,1
0.280606879373034,1
0.311209869350159,1
0.272781960923156,1
0.272777341303869,1
0.272777342402244,1
0.272777341288609,1
0.272777341267783,1
0.272777341267765,1
0.272777341267764,1
0.272777341267777,1
0.272777341267766,1
0.272777341267768,1
0.272777341267842,1
0.272777341268546,1
0.272777341269048,1
0.272777341864198,1
0.272778342552278,1
0.272777441465715,1
0.272777697784079,1
0.272777426744287,1
0.272777510297894,1
0.284400296846357,1
0.999689424640796,1
0.272894935220637,1
0.272777354831437,1
0.272778425416068,1
0.274638078333549,1
0.999999990746079,1
0.999999991651419,1
0.999999991650648,1
0.999999990505111,1
0.999999991650066,1
0.999999991651483,1
0.999999991651483,1
0.999999991651481,1
0.999999991541884,1
0.999999098577889,1
0.273394854101472,1
0.272816729646913,1
0.272777358959336,1
0.272777341289681,1
0.272782437174028,1
0.999999981553037,1
0.999999986715265,1
0.274955527748643,1
0.272778766711664,1
0.272777440492696,1
0.272777341283074,1
0.272777770557519,1
0.273370723495707,1
0.273135646894742,1
0.273554809561861,1
0.272843525201269,1
0.272777744384024,1
0.272777343400134,1
0.272777341367248,1
0.272777342943479,1
0.272780626575437,1
0.332675561304141,1
0.999964898718798,1
0.441370747245548,1
0.283572904634887,1
0.662176693850021,1
0.27299210486799,1
0.272873630402218,1
0.999999987948835,1
0.999999989440324,1
0.325807162628504,1
0.272838689174918,1
0.274107701575239,1
0.310362215027091,1
0.272777792190025,1
0.272777341268176,1
0.272777341268275,1
0.27277734126781,1
0.272777341267769,1
0.272777341267764,1
0.272777341267788,1
0.272777342406749,1
0.272777348826888,1
0.27277846493379,1
0.272874897543619,1
0.274671631291114,1
0.990037049428142,1
0.999998828527528,1
0.787508926883387,1
0.274068286136261,1
0.272943578920528,1
0.999999990563707,1
0.99999999164468,1
0.999999987975083,1
0.281254374985621,1
0.273461990186659,1
0.273529090956384,1
0.272777341823855,1
0.272777341267765,1
0.272777341267764,1
0.272777341267764,1
0.272777341267854,1
0.272777341361505,1
0.272777341283482,1
0.272777341268094,1
0.272777341268545,1
0.272777341797351,1
0.290959514428705,1
0.491659579716227,1
0.297660502391348,1
0.466367386049118,1
0.614297939378927,1
0.273421046405497,1
0.273175440880041,1
0.421664008789825,1
0.999999990774973,1
0.999999990415808,1
0.999986106340331,1
0.999999991572219,1
0.999999991543811,1
0.999999991643604,1
0.999999991651462,1
0.99999999165146,1
0.999999991651481,1
0.999999991651477,1
0.999999991651476,1
0.999999991651482,1
0.999999991651482,1
0.999999991651455,1
0.999999991646899,1
0.999999991058259,1
0.999992889314636,1
0.761861067367398,1
0.999998974714517,1
0.999999991436568,1
0.999999991651446,1
0.999999991651465,1
0.999999991651482,1
0.999999991651363,1
0.999999991651483,1
0.999999991651484,1
0.999999991651483,1
0.999999991651483,1
0.999999991651485,1
0.999999991651468,1
0.999999991651483,1
0.999999991651478,1
0.999999991563065,1
0.999999990767372,1
0.999999991649836,1
0.999999991651483,1
0.999999991651482,1
0.999999991651483,1
0.999999991651483,1
0.999999991651483,1
0.999999992727915,1
1,1
1,1
1,1
0.999999991651502,1
0.999999991651483,1
0.999999991651483,1
0.999999991819624,1
1,1
1,1
0.999999991821074,1
0.999999991651514,1
0.999999995077507,1
0.99999999165161,1
0.999999991651483,1
0.999999991651304,1
0.999999991533385,1
0.9999999907904,1
0.999999991651391,1
0.999999991651483,1
0.999999991651483,1
0.999999991651473,1
0.999999991650762,1
0.999999991625126,1
0.999999990544863,1
0.999999991651067,1
0.999999991651015,1
0.999999991651468,1
0.999999991651483,1
0.999999991651483,1
0.999999991651483,1
0.999999991621659,1
0.999999991646622,1
0.999999991651483,1
0.999999991651483,1
0.999999991651483,1
0.999999991651483,1
0.999999991651483,1
0.999999999696676,1
0.999999992267394,1
0.999999991651486,1
0.999999991651559,1
1,1
1,1
1,1
1,1
1,1
0.999999991651483,1
0.999999991651475,1
0.999999991651234,1
0.999999991650513,1
0.999999991642375,1
0.999999991642858,1
0.999999991089932,1
0.316837154986853,1
0.272984730662829,1
0.273192541776451,1
0.272777377690253,1
0.272777341276187,1
0.272777341280815,1
0.272777341282876,1
0.272777341267799,1
0.272777341268342,1
0.272777364973133,1
0.272781507149205,1
0.273997197242513,1
0.274342426847621,1
0.272781314695791,1
0.272787357408792,1
0.379009998559161,1
0.999999983443261,1
0.999999991643853,1
0.999999991651483,1
0.999999991651483,1
0.999999991651483,1
0.999999991651483,1
0.999999999996119,1
1,1
1,1
1,1
1,1
1,1
1,1
1,1
1,1
1,1
1,1
1,1
1,1
1,1
1,1
1,1
1,1
1,1
1,1
1,1
1,1
0.99999999165908,1
0.999999991651483,1
0.999999991651483,1
0.999999994030559,1
1,1
1,1
1,1
1,1
1,1
1,1
1,1
1,1
1,1
1,1
1,1
1,1
1,1
0.999999991651483,1
0.999999991651483,1
0.999999992437273,1
1,1
1,1
1,1
1,1
1,1
1,1
1,1
1,1
1,1
1,1
1,1
1,1
1,1
1,1
1,1
1,1
1,1
1,1
1,1
1,1
1,1
1,1
1,1
1,1
1,1
1,1
1,1
1,1
1,1
1,1
1,1
1,1
1,1
1,1
1,1
0.999999999999999,1
0.999999999999999,1
1,1
1,1
1,1
1,1
1,1
1,1
1,1
1,1
1,1
1,1
1,1
1,1
1,1
1,1
1,1
1,1
1,1
1,1
1,1
1,1
1,1
1,1
1,1
1,1
1,1
1,1
1,1
1,1
1,1
1,1
1,1
1,1
1,1
1,1
1,1
1,1
1,1
1,1
1,1
1,1
1,1
1,1
1,1
1,1
1,1
1,1
1,1
1,1
1,1
1,1
1,1
1,1
1,1
1,1
1,1
1,1
1,1
1,1
1,1
1,1
1,1
1,1
1,1
1,1
1,1
1,1
1,1
1,1
1,1
1,1
1,1
1,1
1,1
1,1
1,1
1,1
1,1
1,1
1,1
1,1
1,1
1,1
1,1
1,1
1,1
1,1
1,1
1,1
1,1
1,1
1,1
1,1
1,1
1,1
1,1
1,1
1,1
1,1
1,1
1,1
1,1
1,1
1,1
1,1
1,1
1,1
1,1
1,1
1,1
1,1
1,1
1,1
1,1
1,1
1,1
1,1
1,1
1,1
1,1
1,1
1,1
1,1
1,1
1,1
1,1
1,1
1,1
1,1
1,1
1,1
1,1
1,1
1,1
1,1
1,1
1,1
1,1
1,1
1,1
1,1
1,1
1,1
1,1
1,1
1,1
1,1
1,1
1,1
1,1
1,1
1,1
1,1
1,1
1,1
1,1
1,1
1,1
1,1
1,1
1,1
1,1
1,1
1,1
1,1
1,1
1,1
1,1
1,1
1,1
1,1
1,1
1,1
1,1
1,1
1,1
1,1
1,1
1,1
1,1
1,1
1,1
1,1
1,1
1,1
1,1
1,1
1,1
1,1
1,1
1,1
1,1
1,1
1,1
1,1
1,1
1,1
1,1
1,1
1,1
1,1
1,1
1,1
1,1
1,1
1,1
1,1
1,1
1,1
1,1
1,1
1,1
1,1
1,1
1,1
1,1
1,1
1,1
1,1
1,1
0.999999991672502,1
0.999999991651483,1
0.999999991651483,1
0.999999991651483,1
0.999999991651481,1
0.999999991651483,1
0.999999991651483,1
0.999999991651483,1
0.999999991651483,1
0.999999991651483,1
0.999999991651483,1
0.999999991651483,1
1,1
1,1
1,1
1,1
1,1
1,1
1,1
1,1
1,1
1,1
1,1
1,1
1,1
1,1
1,1
1,1
1,1
0.999999997635088,1
1,1
1,1
1,1
0.999999991657546,1
0.999999991663109,1
0.999999994235615,1
0.999999994718715,1
1,1
1,1
1,1
1,1
1,1
1,1
1,1
1,1
1,1
1,1
1,1
1,1
1,1
1,1
1,1
1,1
1,1
1,1
1,1
1,1
1,1
1,1
1,1
1,1
1,1
1,1
1,1
1,1
1,1
1,1
1,1
1,1
1,1
1,1
1,1
1,1
1,1
1,1
1,1
1,1
1,1
1,1
1,1
1,1
1,1
1,1
1,1
1,1
1,1
1,1
1,1
1,1
1,1
1,1
1,1
1,1
1,1
1,1
1,1
1,1
1,1
1,1
1,1
1,1
1,1
1,1
1,1
1,1
1,1
1,1
1,1
1,1
1,1
1,1
1,1
1,1
1,1
1,1
1,1
1,1
1,1
1,1
1,1
1,1
1,1
1,1
1,1
1,1
1,1
1,1
1,1
1,1
1,1
1,1
1,1
1,1
1,1
1,1
1,1
1,1
1,1
1,1
1,1
1,1
1,1
0.999999999999999,1
1,1
1,1
1,1
1,1
1,1
1,1
1,1
1,1
1,1
1,1
1,1
1,1
1,1
1,1
1,1
1,1
1,1
1,1
1,1
1,1
1,1
1,1
1,1
1,1
1,1
1,1
1,1
1,1
1,1
1,1
1,1
1,1
1,1
1,1
1,1
1,1
1,1
1,1
1,1
1,1
1,1
1,1
1,1
1,1
1,1
1,1
1,1
1,1
1,1
1,1
1,1
1,1
1,1
1,1
1,1
1,1
1,1
1,1
1,1
1,1
1,1
1,1
1,1
1,1
1,1
1,1
1,1
1,1
1,1
1,1
1,1
1,1
1,1
1,1
1,1
1,1
1,1
1,1
1,1
1,1
1,1
1,1
1,1
1,1
1,1
1,1
1,1
1,1
1,1
